{
  "features": ["handicapped_infants","water_project_cost_sharing","adoption_of_the_budget_resolution","physician_fee_freeze","el_salvador_aid","religious_groups_in_schools","anti_satellite_test_ban","aid_to_nicaraguan_contras","mx_missile","immigration","synfuels_corporation_cutback","education_spending","superfund_right_to_sue","crime","duty_free_exports","export_administration_act_south_africa"],
  "data": [
    {"classification":"democrat","handicapped_infants":"n","water_project_cost_sharing":"y","adoption_of_the_budget_resolution":"y","physician_fee_freeze":"n","el_salvador_aid":"y","religious_groups_in_schools":"y","anti_satellite_test_ban":"n","aid_to_nicaraguan_contras":"n","mx_missile":"n","immigration":"n","synfuels_corporation_cutback":"n","education_spending":"n","superfund_right_to_sue":"y","crime":"y","duty_free_exports":"y","export_administration_act_south_africa":"y\n"},
    {"classification":"republican","handicapped_infants":"n","water_project_cost_sharing":"y","adoption_of_the_budget_resolution":"n","physician_fee_freeze":"y","el_salvador_aid":"y","religious_groups_in_schools":"y","anti_satellite_test_ban":"n","aid_to_nicaraguan_contras":"n","mx_missile":"n","immigration":"n","synfuels_corporation_cutback":"n","education_spending":"y","superfund_right_to_sue":"y","crime":"y","duty_free_exports":"n","export_administration_act_south_africa":"y\n"},
    {"classification":"democrat","handicapped_infants":"y","water_project_cost_sharing":"y","adoption_of_the_budget_resolution":"y","physician_fee_freeze":"n","el_salvador_aid":"n","religious_groups_in_schools":"n","anti_satellite_test_ban":"y","aid_to_nicaraguan_contras":"y","mx_missile":"y","immigration":"n","synfuels_corporation_cutback":"y","education_spending":"n","superfund_right_to_sue":"n","crime":"n","duty_free_exports":"y","export_administration_act_south_africa":"y\n"},
    {"classification":"democrat","handicapped_infants":"y","water_project_cost_sharing":"y","adoption_of_the_budget_resolution":"y","physician_fee_freeze":"n","el_salvador_aid":"n","religious_groups_in_schools":"n","anti_satellite_test_ban":"y","aid_to_nicaraguan_contras":"y","mx_missile":"y","immigration":"n","synfuels_corporation_cutback":"n","education_spending":"n","superfund_right_to_sue":"n","crime":"n","duty_free_exports":"y","export_administration_act_south_africa":"y\n"},
    {"classification":"democrat","handicapped_infants":"y","water_project_cost_sharing":"n","adoption_of_the_budget_resolution":"y","physician_fee_freeze":"n","el_salvador_aid":"n","religious_groups_in_schools":"n","anti_satellite_test_ban":"y","aid_to_nicaraguan_contras":"y","mx_missile":"y","immigration":"y","synfuels_corporation_cutback":"n","education_spending":"n","superfund_right_to_sue":"n","crime":"n","duty_free_exports":"y","export_administration_act_south_africa":"y\n"},
    {"classification":"democrat","handicapped_infants":"y","water_project_cost_sharing":"n","adoption_of_the_budget_resolution":"y","physician_fee_freeze":"n","el_salvador_aid":"n","religious_groups_in_schools":"n","anti_satellite_test_ban":"y","aid_to_nicaraguan_contras":"y","mx_missile":"y","immigration":"n","synfuels_corporation_cutback":"y","education_spending":"n","superfund_right_to_sue":"n","crime":"n","duty_free_exports":"y","export_administration_act_south_africa":"y\n"},
    {"classification":"democrat","handicapped_infants":"y","water_project_cost_sharing":"y","adoption_of_the_budget_resolution":"y","physician_fee_freeze":"n","el_salvador_aid":"n","religious_groups_in_schools":"n","anti_satellite_test_ban":"y","aid_to_nicaraguan_contras":"y","mx_missile":"y","immigration":"n","synfuels_corporation_cutback":"y","education_spending":"n","superfund_right_to_sue":"n","crime":"n","duty_free_exports":"y","export_administration_act_south_africa":"y\n"},
    {"classification":"republican","handicapped_infants":"y","water_project_cost_sharing":"n","adoption_of_the_budget_resolution":"n","physician_fee_freeze":"y","el_salvador_aid":"y","religious_groups_in_schools":"n","anti_satellite_test_ban":"y","aid_to_nicaraguan_contras":"y","mx_missile":"y","immigration":"n","synfuels_corporation_cutback":"n","education_spending":"y","superfund_right_to_sue":"y","crime":"y","duty_free_exports":"n","export_administration_act_south_africa":"y\n"},
    {"classification":"democrat","handicapped_infants":"y","water_project_cost_sharing":"y","adoption_of_the_budget_resolution":"y","physician_fee_freeze":"n","el_salvador_aid":"n","religious_groups_in_schools":"n","anti_satellite_test_ban":"y","aid_to_nicaraguan_contras":"y","mx_missile":"y","immigration":"n","synfuels_corporation_cutback":"y","education_spending":"n","superfund_right_to_sue":"n","crime":"n","duty_free_exports":"y","export_administration_act_south_africa":"y\n"},
    {"classification":"republican","handicapped_infants":"n","water_project_cost_sharing":"y","adoption_of_the_budget_resolution":"n","physician_fee_freeze":"y","el_salvador_aid":"y","religious_groups_in_schools":"y","anti_satellite_test_ban":"n","aid_to_nicaraguan_contras":"n","mx_missile":"n","immigration":"n","synfuels_corporation_cutback":"n","education_spending":"y","superfund_right_to_sue":"y","crime":"y","duty_free_exports":"n","export_administration_act_south_africa":"n\n"},
    {"classification":"democrat","handicapped_infants":"y","water_project_cost_sharing":"y","adoption_of_the_budget_resolution":"y","physician_fee_freeze":"n","el_salvador_aid":"n","religious_groups_in_schools":"n","anti_satellite_test_ban":"y","aid_to_nicaraguan_contras":"y","mx_missile":"y","immigration":"y","synfuels_corporation_cutback":"n","education_spending":"n","superfund_right_to_sue":"y","crime":"n","duty_free_exports":"y","export_administration_act_south_africa":"y\n"},
    {"classification":"republican","handicapped_infants":"n","water_project_cost_sharing":"y","adoption_of_the_budget_resolution":"n","physician_fee_freeze":"y","el_salvador_aid":"y","religious_groups_in_schools":"y","anti_satellite_test_ban":"n","aid_to_nicaraguan_contras":"n","mx_missile":"n","immigration":"n","synfuels_corporation_cutback":"n","education_spending":"y","superfund_right_to_sue":"y","crime":"y","duty_free_exports":"n","export_administration_act_south_africa":"y\n"},
    {"classification":"democrat","handicapped_infants":"y","water_project_cost_sharing":"y","adoption_of_the_budget_resolution":"y","physician_fee_freeze":"n","el_salvador_aid":"n","religious_groups_in_schools":"n","anti_satellite_test_ban":"y","aid_to_nicaraguan_contras":"y","mx_missile":"y","immigration":"n","synfuels_corporation_cutback":"n","education_spending":"n","superfund_right_to_sue":"n","crime":"n","duty_free_exports":"y","export_administration_act_south_africa":"y\n"},
    {"classification":"republican","handicapped_infants":"n","water_project_cost_sharing":"y","adoption_of_the_budget_resolution":"n","physician_fee_freeze":"y","el_salvador_aid":"y","religious_groups_in_schools":"y","anti_satellite_test_ban":"n","aid_to_nicaraguan_contras":"n","mx_missile":"n","immigration":"n","synfuels_corporation_cutback":"n","education_spending":"y","superfund_right_to_sue":"y","crime":"y","duty_free_exports":"n","export_administration_act_south_africa":"n\n"},
    {"classification":"republican","handicapped_infants":"y","water_project_cost_sharing":"y","adoption_of_the_budget_resolution":"n","physician_fee_freeze":"y","el_salvador_aid":"y","religious_groups_in_schools":"y","anti_satellite_test_ban":"n","aid_to_nicaraguan_contras":"n","mx_missile":"n","immigration":"n","synfuels_corporation_cutback":"n","education_spending":"n","superfund_right_to_sue":"y","crime":"y","duty_free_exports":"n","export_administration_act_south_africa":"y\n"},
    {"classification":"republican","handicapped_infants":"n","water_project_cost_sharing":"y","adoption_of_the_budget_resolution":"n","physician_fee_freeze":"y","el_salvador_aid":"y","religious_groups_in_schools":"y","anti_satellite_test_ban":"n","aid_to_nicaraguan_contras":"n","mx_missile":"n","immigration":"y","synfuels_corporation_cutback":"n","education_spending":"y","superfund_right_to_sue":"y","crime":"y","duty_free_exports":"n","export_administration_act_south_africa":"n\n"},
    {"classification":"democrat","handicapped_infants":"y","water_project_cost_sharing":"n","adoption_of_the_budget_resolution":"y","physician_fee_freeze":"n","el_salvador_aid":"n","religious_groups_in_schools":"n","anti_satellite_test_ban":"y","aid_to_nicaraguan_contras":"y","mx_missile":"y","immigration":"y","synfuels_corporation_cutback":"y","education_spending":"n","superfund_right_to_sue":"y","crime":"n","duty_free_exports":"y","export_administration_act_south_africa":"y\n"},
    {"classification":"democrat","handicapped_infants":"y","water_project_cost_sharing":"n","adoption_of_the_budget_resolution":"y","physician_fee_freeze":"n","el_salvador_aid":"n","religious_groups_in_schools":"n","anti_satellite_test_ban":"y","aid_to_nicaraguan_contras":"y","mx_missile":"y","immigration":"n","synfuels_corporation_cutback":"n","education_spending":"n","superfund_right_to_sue":"n","crime":"n","duty_free_exports":"n","export_administration_act_south_africa":"y\n"},
    {"classification":"democrat","handicapped_infants":"y","water_project_cost_sharing":"n","adoption_of_the_budget_resolution":"y","physician_fee_freeze":"n","el_salvador_aid":"n","religious_groups_in_schools":"n","anti_satellite_test_ban":"y","aid_to_nicaraguan_contras":"y","mx_missile":"y","immigration":"n","synfuels_corporation_cutback":"n","education_spending":"n","superfund_right_to_sue":"n","crime":"n","duty_free_exports":"y","export_administration_act_south_africa":"y\n"},
    {"classification":"democrat","handicapped_infants":"y","water_project_cost_sharing":"y","adoption_of_the_budget_resolution":"y","physician_fee_freeze":"n","el_salvador_aid":"n","religious_groups_in_schools":"n","anti_satellite_test_ban":"y","aid_to_nicaraguan_contras":"y","mx_missile":"y","immigration":"n","synfuels_corporation_cutback":"n","education_spending":"n","superfund_right_to_sue":"n","crime":"n","duty_free_exports":"n","export_administration_act_south_africa":"y\n"},
    {"classification":"democrat","handicapped_infants":"y","water_project_cost_sharing":"y","adoption_of_the_budget_resolution":"y","physician_fee_freeze":"n","el_salvador_aid":"n","religious_groups_in_schools":"n","anti_satellite_test_ban":"y","aid_to_nicaraguan_contras":"y","mx_missile":"n","immigration":"n","synfuels_corporation_cutback":"n","education_spending":"n","superfund_right_to_sue":"n","crime":"y","duty_free_exports":"n","export_administration_act_south_africa":"y\n"},
    {"classification":"democrat","handicapped_infants":"y","water_project_cost_sharing":"y","adoption_of_the_budget_resolution":"y","physician_fee_freeze":"n","el_salvador_aid":"n","religious_groups_in_schools":"n","anti_satellite_test_ban":"y","aid_to_nicaraguan_contras":"y","mx_missile":"y","immigration":"n","synfuels_corporation_cutback":"y","education_spending":"n","superfund_right_to_sue":"n","crime":"n","duty_free_exports":"y","export_administration_act_south_africa":"y\n"},
    {"classification":"republican","handicapped_infants":"y","water_project_cost_sharing":"y","adoption_of_the_budget_resolution":"n","physician_fee_freeze":"y","el_salvador_aid":"y","religious_groups_in_schools":"y","anti_satellite_test_ban":"n","aid_to_nicaraguan_contras":"n","mx_missile":"n","immigration":"y","synfuels_corporation_cutback":"n","education_spending":"y","superfund_right_to_sue":"y","crime":"y","duty_free_exports":"n","export_administration_act_south_africa":"n\n"},
    {"classification":"republican","handicapped_infants":"n","water_project_cost_sharing":"y","adoption_of_the_budget_resolution":"n","physician_fee_freeze":"y","el_salvador_aid":"y","religious_groups_in_schools":"y","anti_satellite_test_ban":"n","aid_to_nicaraguan_contras":"n","mx_missile":"n","immigration":"y","synfuels_corporation_cutback":"y","education_spending":"y","superfund_right_to_sue":"y","crime":"y","duty_free_exports":"n","export_administration_act_south_africa":"n\n"},
    {"classification":"republican","handicapped_infants":"n","water_project_cost_sharing":"y","adoption_of_the_budget_resolution":"n","physician_fee_freeze":"y","el_salvador_aid":"y","religious_groups_in_schools":"y","anti_satellite_test_ban":"n","aid_to_nicaraguan_contras":"n","mx_missile":"n","immigration":"y","synfuels_corporation_cutback":"y","education_spending":"y","superfund_right_to_sue":"y","crime":"y","duty_free_exports":"n","export_administration_act_south_africa":"y\n"},
    {"classification":"republican","handicapped_infants":"n","water_project_cost_sharing":"y","adoption_of_the_budget_resolution":"n","physician_fee_freeze":"y","el_salvador_aid":"y","religious_groups_in_schools":"y","anti_satellite_test_ban":"n","aid_to_nicaraguan_contras":"n","mx_missile":"n","immigration":"y","synfuels_corporation_cutback":"n","education_spending":"y","superfund_right_to_sue":"y","crime":"y","duty_free_exports":"n","export_administration_act_south_africa":"y\n"},
    {"classification":"republican","handicapped_infants":"n","water_project_cost_sharing":"y","adoption_of_the_budget_resolution":"n","physician_fee_freeze":"y","el_salvador_aid":"y","religious_groups_in_schools":"y","anti_satellite_test_ban":"n","aid_to_nicaraguan_contras":"n","mx_missile":"n","immigration":"y","synfuels_corporation_cutback":"n","education_spending":"y","superfund_right_to_sue":"y","crime":"y","duty_free_exports":"n","export_administration_act_south_africa":"y\n"},
    {"classification":"republican","handicapped_infants":"n","water_project_cost_sharing":"y","adoption_of_the_budget_resolution":"n","physician_fee_freeze":"y","el_salvador_aid":"y","religious_groups_in_schools":"y","anti_satellite_test_ban":"n","aid_to_nicaraguan_contras":"n","mx_missile":"n","immigration":"n","synfuels_corporation_cutback":"n","education_spending":"y","superfund_right_to_sue":"y","crime":"y","duty_free_exports":"n","export_administration_act_south_africa":"n\n"},
    {"classification":"democrat","handicapped_infants":"y","water_project_cost_sharing":"y","adoption_of_the_budget_resolution":"y","physician_fee_freeze":"n","el_salvador_aid":"n","religious_groups_in_schools":"n","anti_satellite_test_ban":"y","aid_to_nicaraguan_contras":"y","mx_missile":"y","immigration":"n","synfuels_corporation_cutback":"y","education_spending":"n","superfund_right_to_sue":"n","crime":"n","duty_free_exports":"n","export_administration_act_south_africa":"y\n"},
    {"classification":"republican","handicapped_infants":"y","water_project_cost_sharing":"y","adoption_of_the_budget_resolution":"n","physician_fee_freeze":"y","el_salvador_aid":"y","religious_groups_in_schools":"y","anti_satellite_test_ban":"y","aid_to_nicaraguan_contras":"n","mx_missile":"n","immigration":"n","synfuels_corporation_cutback":"n","education_spending":"y","superfund_right_to_sue":"y","crime":"y","duty_free_exports":"n","export_administration_act_south_africa":"y\n"},
    {"classification":"republican","handicapped_infants":"n","water_project_cost_sharing":"y","adoption_of_the_budget_resolution":"n","physician_fee_freeze":"y","el_salvador_aid":"y","religious_groups_in_schools":"y","anti_satellite_test_ban":"y","aid_to_nicaraguan_contras":"n","mx_missile":"n","immigration":"n","synfuels_corporation_cutback":"y","education_spending":"y","superfund_right_to_sue":"y","crime":"y","duty_free_exports":"n","export_administration_act_south_africa":"y\n"},
    {"classification":"republican","handicapped_infants":"n","water_project_cost_sharing":"y","adoption_of_the_budget_resolution":"n","physician_fee_freeze":"y","el_salvador_aid":"y","religious_groups_in_schools":"y","anti_satellite_test_ban":"n","aid_to_nicaraguan_contras":"n","mx_missile":"n","immigration":"y","synfuels_corporation_cutback":"n","education_spending":"y","superfund_right_to_sue":"y","crime":"y","duty_free_exports":"n","export_administration_act_south_africa":"n\n"},
    {"classification":"democrat","handicapped_infants":"y","water_project_cost_sharing":"y","adoption_of_the_budget_resolution":"y","physician_fee_freeze":"n","el_salvador_aid":"n","religious_groups_in_schools":"n","anti_satellite_test_ban":"y","aid_to_nicaraguan_contras":"y","mx_missile":"y","immigration":"n","synfuels_corporation_cutback":"n","education_spending":"n","superfund_right_to_sue":"n","crime":"n","duty_free_exports":"y","export_administration_act_south_africa":"y\n"},
    {"classification":"republican","handicapped_infants":"y","water_project_cost_sharing":"y","adoption_of_the_budget_resolution":"y","physician_fee_freeze":"y","el_salvador_aid":"n","religious_groups_in_schools":"n","anti_satellite_test_ban":"y","aid_to_nicaraguan_contras":"y","mx_missile":"y","immigration":"y","synfuels_corporation_cutback":"y","education_spending":"n","superfund_right_to_sue":"n","crime":"y","duty_free_exports":"n","export_administration_act_south_africa":"y\n"},
    {"classification":"republican","handicapped_infants":"y","water_project_cost_sharing":"n","adoption_of_the_budget_resolution":"y","physician_fee_freeze":"y","el_salvador_aid":"y","religious_groups_in_schools":"n","anti_satellite_test_ban":"y","aid_to_nicaraguan_contras":"n","mx_missile":"y","immigration":"y","synfuels_corporation_cutback":"n","education_spending":"n","superfund_right_to_sue":"y","crime":"y","duty_free_exports":"n","export_administration_act_south_africa":"y\n"},
    {"classification":"democrat","handicapped_infants":"y","water_project_cost_sharing":"n","adoption_of_the_budget_resolution":"y","physician_fee_freeze":"n","el_salvador_aid":"n","religious_groups_in_schools":"y","anti_satellite_test_ban":"y","aid_to_nicaraguan_contras":"y","mx_missile":"y","immigration":"y","synfuels_corporation_cutback":"y","education_spending":"n","superfund_right_to_sue":"n","crime":"y","duty_free_exports":"y","export_administration_act_south_africa":"y\n"},
    {"classification":"democrat","handicapped_infants":"n","water_project_cost_sharing":"y","adoption_of_the_budget_resolution":"y","physician_fee_freeze":"y","el_salvador_aid":"y","religious_groups_in_schools":"y","anti_satellite_test_ban":"n","aid_to_nicaraguan_contras":"n","mx_missile":"n","immigration":"y","synfuels_corporation_cutback":"y","education_spending":"n","superfund_right_to_sue":"y","crime":"y","duty_free_exports":"n","export_administration_act_south_africa":"n\n"},
    {"classification":"democrat","handicapped_infants":"n","water_project_cost_sharing":"y","adoption_of_the_budget_resolution":"y","physician_fee_freeze":"y","el_salvador_aid":"y","religious_groups_in_schools":"y","anti_satellite_test_ban":"n","aid_to_nicaraguan_contras":"y","mx_missile":"y","immigration":"y","synfuels_corporation_cutback":"y","education_spending":"y","superfund_right_to_sue":"y","crime":"y","duty_free_exports":"n","export_administration_act_south_africa":"y\n"},
    {"classification":"democrat","handicapped_infants":"y","water_project_cost_sharing":"y","adoption_of_the_budget_resolution":"y","physician_fee_freeze":"n","el_salvador_aid":"y","religious_groups_in_schools":"y","anti_satellite_test_ban":"n","aid_to_nicaraguan_contras":"n","mx_missile":"n","immigration":"y","synfuels_corporation_cutback":"y","education_spending":"n","superfund_right_to_sue":"y","crime":"y","duty_free_exports":"n","export_administration_act_south_africa":"y\n"},
    {"classification":"republican","handicapped_infants":"n","water_project_cost_sharing":"n","adoption_of_the_budget_resolution":"n","physician_fee_freeze":"y","el_salvador_aid":"y","religious_groups_in_schools":"n","anti_satellite_test_ban":"n","aid_to_nicaraguan_contras":"n","mx_missile":"n","immigration":"y","synfuels_corporation_cutback":"n","education_spending":"y","superfund_right_to_sue":"y","crime":"y","duty_free_exports":"n","export_administration_act_south_africa":"n\n"},
    {"classification":"republican","handicapped_infants":"n","water_project_cost_sharing":"n","adoption_of_the_budget_resolution":"n","physician_fee_freeze":"y","el_salvador_aid":"y","religious_groups_in_schools":"y","anti_satellite_test_ban":"n","aid_to_nicaraguan_contras":"n","mx_missile":"n","immigration":"y","synfuels_corporation_cutback":"n","education_spending":"y","superfund_right_to_sue":"y","crime":"y","duty_free_exports":"n","export_administration_act_south_africa":"y\n"},
    {"classification":"republican","handicapped_infants":"n","water_project_cost_sharing":"n","adoption_of_the_budget_resolution":"n","physician_fee_freeze":"y","el_salvador_aid":"y","religious_groups_in_schools":"y","anti_satellite_test_ban":"n","aid_to_nicaraguan_contras":"n","mx_missile":"n","immigration":"n","synfuels_corporation_cutback":"n","education_spending":"y","superfund_right_to_sue":"y","crime":"y","duty_free_exports":"n","export_administration_act_south_africa":"n\n"},
    {"classification":"democrat","handicapped_infants":"n","water_project_cost_sharing":"n","adoption_of_the_budget_resolution":"y","physician_fee_freeze":"n","el_salvador_aid":"y","religious_groups_in_schools":"y","anti_satellite_test_ban":"n","aid_to_nicaraguan_contras":"n","mx_missile":"n","immigration":"y","synfuels_corporation_cutback":"y","education_spending":"y","superfund_right_to_sue":"y","crime":"y","duty_free_exports":"n","export_administration_act_south_africa":"y\n"},
    {"classification":"republican","handicapped_infants":"n","water_project_cost_sharing":"n","adoption_of_the_budget_resolution":"n","physician_fee_freeze":"y","el_salvador_aid":"y","religious_groups_in_schools":"y","anti_satellite_test_ban":"n","aid_to_nicaraguan_contras":"n","mx_missile":"n","immigration":"y","synfuels_corporation_cutback":"n","education_spending":"y","superfund_right_to_sue":"y","crime":"y","duty_free_exports":"n","export_administration_act_south_africa":"n\n"},
    {"classification":"republican","handicapped_infants":"n","water_project_cost_sharing":"n","adoption_of_the_budget_resolution":"n","physician_fee_freeze":"y","el_salvador_aid":"y","religious_groups_in_schools":"y","anti_satellite_test_ban":"n","aid_to_nicaraguan_contras":"n","mx_missile":"n","immigration":"n","synfuels_corporation_cutback":"n","education_spending":"y","superfund_right_to_sue":"y","crime":"y","duty_free_exports":"n","export_administration_act_south_africa":"n\n"},
    {"classification":"democrat","handicapped_infants":"n","water_project_cost_sharing":"n","adoption_of_the_budget_resolution":"y","physician_fee_freeze":"n","el_salvador_aid":"n","religious_groups_in_schools":"y","anti_satellite_test_ban":"y","aid_to_nicaraguan_contras":"y","mx_missile":"y","immigration":"y","synfuels_corporation_cutback":"y","education_spending":"n","superfund_right_to_sue":"y","crime":"y","duty_free_exports":"n","export_administration_act_south_africa":"y\n"},
    {"classification":"republican","handicapped_infants":"n","water_project_cost_sharing":"y","adoption_of_the_budget_resolution":"n","physician_fee_freeze":"y","el_salvador_aid":"y","religious_groups_in_schools":"y","anti_satellite_test_ban":"n","aid_to_nicaraguan_contras":"n","mx_missile":"n","immigration":"n","synfuels_corporation_cutback":"n","education_spending":"y","superfund_right_to_sue":"y","crime":"y","duty_free_exports":"n","export_administration_act_south_africa":"n\n"},
    {"classification":"republican","handicapped_infants":"y","water_project_cost_sharing":"y","adoption_of_the_budget_resolution":"n","physician_fee_freeze":"y","el_salvador_aid":"y","religious_groups_in_schools":"y","anti_satellite_test_ban":"y","aid_to_nicaraguan_contras":"n","mx_missile":"n","immigration":"n","synfuels_corporation_cutback":"n","education_spending":"y","superfund_right_to_sue":"y","crime":"y","duty_free_exports":"n","export_administration_act_south_africa":"n\n"},
    {"classification":"republican","handicapped_infants":"n","water_project_cost_sharing":"y","adoption_of_the_budget_resolution":"n","physician_fee_freeze":"y","el_salvador_aid":"y","religious_groups_in_schools":"y","anti_satellite_test_ban":"n","aid_to_nicaraguan_contras":"n","mx_missile":"n","immigration":"y","synfuels_corporation_cutback":"n","education_spending":"y","superfund_right_to_sue":"y","crime":"y","duty_free_exports":"n","export_administration_act_south_africa":"n\n"},
    {"classification":"democrat","handicapped_infants":"n","water_project_cost_sharing":"y","adoption_of_the_budget_resolution":"n","physician_fee_freeze":"n","el_salvador_aid":"y","religious_groups_in_schools":"y","anti_satellite_test_ban":"n","aid_to_nicaraguan_contras":"n","mx_missile":"n","immigration":"n","synfuels_corporation_cutback":"n","education_spending":"y","superfund_right_to_sue":"y","crime":"y","duty_free_exports":"y","export_administration_act_south_africa":"y\n"},
    {"classification":"democrat","handicapped_infants":"n","water_project_cost_sharing":"n","adoption_of_the_budget_resolution":"n","physician_fee_freeze":"n","el_salvador_aid":"y","religious_groups_in_schools":"y","anti_satellite_test_ban":"y","aid_to_nicaraguan_contras":"n","mx_missile":"n","immigration":"n","synfuels_corporation_cutback":"n","education_spending":"y","superfund_right_to_sue":"y","crime":"y","duty_free_exports":"n","export_administration_act_south_africa":"y\n"},
    {"classification":"democrat","handicapped_infants":"n","water_project_cost_sharing":"y","adoption_of_the_budget_resolution":"y","physician_fee_freeze":"n","el_salvador_aid":"y","religious_groups_in_schools":"y","anti_satellite_test_ban":"y","aid_to_nicaraguan_contras":"n","mx_missile":"n","immigration":"n","synfuels_corporation_cutback":"y","education_spending":"y","superfund_right_to_sue":"y","crime":"y","duty_free_exports":"n","export_administration_act_south_africa":"y\n"},
    {"classification":"republican","handicapped_infants":"n","water_project_cost_sharing":"y","adoption_of_the_budget_resolution":"n","physician_fee_freeze":"y","el_salvador_aid":"y","religious_groups_in_schools":"y","anti_satellite_test_ban":"y","aid_to_nicaraguan_contras":"n","mx_missile":"n","immigration":"n","synfuels_corporation_cutback":"n","education_spending":"y","superfund_right_to_sue":"y","crime":"y","duty_free_exports":"n","export_administration_act_south_africa":"y\n"},
    {"classification":"republican","handicapped_infants":"y","water_project_cost_sharing":"n","adoption_of_the_budget_resolution":"y","physician_fee_freeze":"y","el_salvador_aid":"y","religious_groups_in_schools":"y","anti_satellite_test_ban":"y","aid_to_nicaraguan_contras":"y","mx_missile":"n","immigration":"y","synfuels_corporation_cutback":"n","education_spending":"y","superfund_right_to_sue":"n","crime":"y","duty_free_exports":"y","export_administration_act_south_africa":"y\n"},
    {"classification":"republican","handicapped_infants":"y","water_project_cost_sharing":"n","adoption_of_the_budget_resolution":"y","physician_fee_freeze":"y","el_salvador_aid":"y","religious_groups_in_schools":"y","anti_satellite_test_ban":"y","aid_to_nicaraguan_contras":"y","mx_missile":"n","immigration":"y","synfuels_corporation_cutback":"y","education_spending":"y","superfund_right_to_sue":"n","crime":"y","duty_free_exports":"y","export_administration_act_south_africa":"y\n"},
    {"classification":"democrat","handicapped_infants":"y","water_project_cost_sharing":"n","adoption_of_the_budget_resolution":"y","physician_fee_freeze":"n","el_salvador_aid":"n","religious_groups_in_schools":"n","anti_satellite_test_ban":"y","aid_to_nicaraguan_contras":"y","mx_missile":"y","immigration":"y","synfuels_corporation_cutback":"y","education_spending":"n","superfund_right_to_sue":"n","crime":"y","duty_free_exports":"n","export_administration_act_south_africa":"y\n"},
    {"classification":"democrat","handicapped_infants":"n","water_project_cost_sharing":"n","adoption_of_the_budget_resolution":"n","physician_fee_freeze":"n","el_salvador_aid":"y","religious_groups_in_schools":"y","anti_satellite_test_ban":"n","aid_to_nicaraguan_contras":"n","mx_missile":"n","immigration":"y","synfuels_corporation_cutback":"y","education_spending":"y","superfund_right_to_sue":"y","crime":"y","duty_free_exports":"n","export_administration_act_south_africa":"y\n"},
    {"classification":"democrat","handicapped_infants":"n","water_project_cost_sharing":"y","adoption_of_the_budget_resolution":"y","physician_fee_freeze":"n","el_salvador_aid":"n","religious_groups_in_schools":"n","anti_satellite_test_ban":"y","aid_to_nicaraguan_contras":"y","mx_missile":"y","immigration":"y","synfuels_corporation_cutback":"n","education_spending":"n","superfund_right_to_sue":"n","crime":"n","duty_free_exports":"y","export_administration_act_south_africa":"y\n"},
    {"classification":"republican","handicapped_infants":"n","water_project_cost_sharing":"n","adoption_of_the_budget_resolution":"y","physician_fee_freeze":"y","el_salvador_aid":"n","religious_groups_in_schools":"n","anti_satellite_test_ban":"y","aid_to_nicaraguan_contras":"y","mx_missile":"y","immigration":"y","synfuels_corporation_cutback":"n","education_spending":"n","superfund_right_to_sue":"n","crime":"y","duty_free_exports":"y","export_administration_act_south_africa":"y\n"},
    {"classification":"democrat","handicapped_infants":"y","water_project_cost_sharing":"n","adoption_of_the_budget_resolution":"y","physician_fee_freeze":"n","el_salvador_aid":"n","religious_groups_in_schools":"n","anti_satellite_test_ban":"y","aid_to_nicaraguan_contras":"y","mx_missile":"y","immigration":"y","synfuels_corporation_cutback":"n","education_spending":"n","superfund_right_to_sue":"n","crime":"n","duty_free_exports":"y","export_administration_act_south_africa":"y\n"},
    {"classification":"democrat","handicapped_infants":"n","water_project_cost_sharing":"n","adoption_of_the_budget_resolution":"y","physician_fee_freeze":"n","el_salvador_aid":"n","religious_groups_in_schools":"n","anti_satellite_test_ban":"y","aid_to_nicaraguan_contras":"y","mx_missile":"y","immigration":"y","synfuels_corporation_cutback":"y","education_spending":"n","superfund_right_to_sue":"n","crime":"n","duty_free_exports":"y","export_administration_act_south_africa":"y\n"},
    {"classification":"democrat","handicapped_infants":"n","water_project_cost_sharing":"n","adoption_of_the_budget_resolution":"y","physician_fee_freeze":"n","el_salvador_aid":"n","religious_groups_in_schools":"n","anti_satellite_test_ban":"y","aid_to_nicaraguan_contras":"y","mx_missile":"y","immigration":"y","synfuels_corporation_cutback":"y","education_spending":"n","superfund_right_to_sue":"n","crime":"n","duty_free_exports":"y","export_administration_act_south_africa":"y\n"},
    {"classification":"democrat","handicapped_infants":"n","water_project_cost_sharing":"y","adoption_of_the_budget_resolution":"y","physician_fee_freeze":"n","el_salvador_aid":"n","religious_groups_in_schools":"n","anti_satellite_test_ban":"y","aid_to_nicaraguan_contras":"y","mx_missile":"y","immigration":"y","synfuels_corporation_cutback":"y","education_spending":"n","superfund_right_to_sue":"n","crime":"n","duty_free_exports":"y","export_administration_act_south_africa":"y\n"},
    {"classification":"democrat","handicapped_infants":"y","water_project_cost_sharing":"n","adoption_of_the_budget_resolution":"y","physician_fee_freeze":"n","el_salvador_aid":"n","religious_groups_in_schools":"n","anti_satellite_test_ban":"y","aid_to_nicaraguan_contras":"y","mx_missile":"y","immigration":"n","synfuels_corporation_cutback":"n","education_spending":"n","superfund_right_to_sue":"n","crime":"n","duty_free_exports":"y","export_administration_act_south_africa":"y\n"},
    {"classification":"democrat","handicapped_infants":"n","water_project_cost_sharing":"n","adoption_of_the_budget_resolution":"n","physician_fee_freeze":"n","el_salvador_aid":"n","religious_groups_in_schools":"y","anti_satellite_test_ban":"y","aid_to_nicaraguan_contras":"y","mx_missile":"y","immigration":"n","synfuels_corporation_cutback":"y","education_spending":"n","superfund_right_to_sue":"n","crime":"y","duty_free_exports":"y","export_administration_act_south_africa":"y\n"},
    {"classification":"democrat","handicapped_infants":"n","water_project_cost_sharing":"n","adoption_of_the_budget_resolution":"y","physician_fee_freeze":"n","el_salvador_aid":"n","religious_groups_in_schools":"n","anti_satellite_test_ban":"y","aid_to_nicaraguan_contras":"y","mx_missile":"y","immigration":"n","synfuels_corporation_cutback":"n","education_spending":"n","superfund_right_to_sue":"n","crime":"n","duty_free_exports":"y","export_administration_act_south_africa":"y\n"},
    {"classification":"democrat","handicapped_infants":"n","water_project_cost_sharing":"n","adoption_of_the_budget_resolution":"y","physician_fee_freeze":"n","el_salvador_aid":"n","religious_groups_in_schools":"n","anti_satellite_test_ban":"y","aid_to_nicaraguan_contras":"y","mx_missile":"y","immigration":"n","synfuels_corporation_cutback":"n","education_spending":"n","superfund_right_to_sue":"n","crime":"y","duty_free_exports":"y","export_administration_act_south_africa":"y\n"},
    {"classification":"democrat","handicapped_infants":"y","water_project_cost_sharing":"y","adoption_of_the_budget_resolution":"y","physician_fee_freeze":"n","el_salvador_aid":"n","religious_groups_in_schools":"n","anti_satellite_test_ban":"y","aid_to_nicaraguan_contras":"y","mx_missile":"y","immigration":"n","synfuels_corporation_cutback":"n","education_spending":"n","superfund_right_to_sue":"n","crime":"n","duty_free_exports":"y","export_administration_act_south_africa":"y\n"},
    {"classification":"democrat","handicapped_infants":"y","water_project_cost_sharing":"n","adoption_of_the_budget_resolution":"y","physician_fee_freeze":"n","el_salvador_aid":"n","religious_groups_in_schools":"y","anti_satellite_test_ban":"y","aid_to_nicaraguan_contras":"y","mx_missile":"y","immigration":"y","synfuels_corporation_cutback":"y","education_spending":"n","superfund_right_to_sue":"n","crime":"n","duty_free_exports":"y","export_administration_act_south_africa":"y\n"},
    {"classification":"democrat","handicapped_infants":"y","water_project_cost_sharing":"n","adoption_of_the_budget_resolution":"y","physician_fee_freeze":"n","el_salvador_aid":"n","religious_groups_in_schools":"n","anti_satellite_test_ban":"y","aid_to_nicaraguan_contras":"y","mx_missile":"y","immigration":"y","synfuels_corporation_cutback":"n","education_spending":"n","superfund_right_to_sue":"n","crime":"n","duty_free_exports":"y","export_administration_act_south_africa":"y\n"},
    {"classification":"republican","handicapped_infants":"n","water_project_cost_sharing":"n","adoption_of_the_budget_resolution":"y","physician_fee_freeze":"y","el_salvador_aid":"y","religious_groups_in_schools":"y","anti_satellite_test_ban":"y","aid_to_nicaraguan_contras":"n","mx_missile":"n","immigration":"n","synfuels_corporation_cutback":"n","education_spending":"y","superfund_right_to_sue":"y","crime":"y","duty_free_exports":"n","export_administration_act_south_africa":"y\n"},
    {"classification":"democrat","handicapped_infants":"n","water_project_cost_sharing":"n","adoption_of_the_budget_resolution":"y","physician_fee_freeze":"n","el_salvador_aid":"n","religious_groups_in_schools":"y","anti_satellite_test_ban":"y","aid_to_nicaraguan_contras":"y","mx_missile":"y","immigration":"y","synfuels_corporation_cutback":"n","education_spending":"y","superfund_right_to_sue":"n","crime":"n","duty_free_exports":"n","export_administration_act_south_africa":"y\n"},
    {"classification":"republican","handicapped_infants":"n","water_project_cost_sharing":"n","adoption_of_the_budget_resolution":"n","physician_fee_freeze":"y","el_salvador_aid":"y","religious_groups_in_schools":"y","anti_satellite_test_ban":"n","aid_to_nicaraguan_contras":"n","mx_missile":"n","immigration":"y","synfuels_corporation_cutback":"n","education_spending":"y","superfund_right_to_sue":"n","crime":"y","duty_free_exports":"n","export_administration_act_south_africa":"y\n"},
    {"classification":"democrat","handicapped_infants":"y","water_project_cost_sharing":"y","adoption_of_the_budget_resolution":"y","physician_fee_freeze":"n","el_salvador_aid":"n","religious_groups_in_schools":"n","anti_satellite_test_ban":"y","aid_to_nicaraguan_contras":"y","mx_missile":"y","immigration":"y","synfuels_corporation_cutback":"y","education_spending":"n","superfund_right_to_sue":"n","crime":"n","duty_free_exports":"n","export_administration_act_south_africa":"y\n"},
    {"classification":"democrat","handicapped_infants":"n","water_project_cost_sharing":"n","adoption_of_the_budget_resolution":"y","physician_fee_freeze":"n","el_salvador_aid":"n","religious_groups_in_schools":"y","anti_satellite_test_ban":"y","aid_to_nicaraguan_contras":"y","mx_missile":"y","immigration":"n","synfuels_corporation_cutback":"n","education_spending":"n","superfund_right_to_sue":"n","crime":"n","duty_free_exports":"y","export_administration_act_south_africa":"y\n"},
    {"classification":"republican","handicapped_infants":"n","water_project_cost_sharing":"y","adoption_of_the_budget_resolution":"n","physician_fee_freeze":"y","el_salvador_aid":"y","religious_groups_in_schools":"y","anti_satellite_test_ban":"n","aid_to_nicaraguan_contras":"n","mx_missile":"n","immigration":"y","synfuels_corporation_cutback":"n","education_spending":"y","superfund_right_to_sue":"y","crime":"y","duty_free_exports":"n","export_administration_act_south_africa":"y\n"},
    {"classification":"democrat","handicapped_infants":"n","water_project_cost_sharing":"n","adoption_of_the_budget_resolution":"y","physician_fee_freeze":"n","el_salvador_aid":"n","religious_groups_in_schools":"n","anti_satellite_test_ban":"y","aid_to_nicaraguan_contras":"y","mx_missile":"y","immigration":"n","synfuels_corporation_cutback":"y","education_spending":"n","superfund_right_to_sue":"n","crime":"n","duty_free_exports":"y","export_administration_act_south_africa":"y\n"},
    {"classification":"democrat","handicapped_infants":"n","water_project_cost_sharing":"y","adoption_of_the_budget_resolution":"y","physician_fee_freeze":"n","el_salvador_aid":"n","religious_groups_in_schools":"y","anti_satellite_test_ban":"n","aid_to_nicaraguan_contras":"y","mx_missile":"y","immigration":"n","synfuels_corporation_cutback":"y","education_spending":"n","superfund_right_to_sue":"y","crime":"n","duty_free_exports":"y","export_administration_act_south_africa":"y\n"},
    {"classification":"republican","handicapped_infants":"y","water_project_cost_sharing":"y","adoption_of_the_budget_resolution":"n","physician_fee_freeze":"y","el_salvador_aid":"y","religious_groups_in_schools":"y","anti_satellite_test_ban":"n","aid_to_nicaraguan_contras":"n","mx_missile":"n","immigration":"y","synfuels_corporation_cutback":"n","education_spending":"y","superfund_right_to_sue":"y","crime":"y","duty_free_exports":"n","export_administration_act_south_africa":"y\n"},
    {"classification":"republican","handicapped_infants":"n","water_project_cost_sharing":"y","adoption_of_the_budget_resolution":"n","physician_fee_freeze":"y","el_salvador_aid":"y","religious_groups_in_schools":"y","anti_satellite_test_ban":"n","aid_to_nicaraguan_contras":"n","mx_missile":"n","immigration":"y","synfuels_corporation_cutback":"n","education_spending":"y","superfund_right_to_sue":"y","crime":"y","duty_free_exports":"n","export_administration_act_south_africa":"n\n"},
    {"classification":"democrat","handicapped_infants":"n","water_project_cost_sharing":"y","adoption_of_the_budget_resolution":"y","physician_fee_freeze":"n","el_salvador_aid":"n","religious_groups_in_schools":"n","anti_satellite_test_ban":"n","aid_to_nicaraguan_contras":"y","mx_missile":"y","immigration":"n","synfuels_corporation_cutback":"y","education_spending":"n","superfund_right_to_sue":"n","crime":"y","duty_free_exports":"y","export_administration_act_south_africa":"y\n"},
    {"classification":"republican","handicapped_infants":"n","water_project_cost_sharing":"n","adoption_of_the_budget_resolution":"n","physician_fee_freeze":"y","el_salvador_aid":"y","religious_groups_in_schools":"n","anti_satellite_test_ban":"n","aid_to_nicaraguan_contras":"n","mx_missile":"n","immigration":"n","synfuels_corporation_cutback":"n","education_spending":"y","superfund_right_to_sue":"y","crime":"y","duty_free_exports":"n","export_administration_act_south_africa":"y\n"},
    {"classification":"democrat","handicapped_infants":"n","water_project_cost_sharing":"n","adoption_of_the_budget_resolution":"y","physician_fee_freeze":"n","el_salvador_aid":"n","religious_groups_in_schools":"y","anti_satellite_test_ban":"y","aid_to_nicaraguan_contras":"y","mx_missile":"y","immigration":"n","synfuels_corporation_cutback":"y","education_spending":"n","superfund_right_to_sue":"n","crime":"y","duty_free_exports":"y","export_administration_act_south_africa":"y\n"},
    {"classification":"republican","handicapped_infants":"n","water_project_cost_sharing":"y","adoption_of_the_budget_resolution":"y","physician_fee_freeze":"y","el_salvador_aid":"y","religious_groups_in_schools":"y","anti_satellite_test_ban":"y","aid_to_nicaraguan_contras":"n","mx_missile":"y","immigration":"y","synfuels_corporation_cutback":"n","education_spending":"y","superfund_right_to_sue":"y","crime":"y","duty_free_exports":"n","export_administration_act_south_africa":"y\n"},
    {"classification":"republican","handicapped_infants":"n","water_project_cost_sharing":"y","adoption_of_the_budget_resolution":"n","physician_fee_freeze":"y","el_salvador_aid":"y","religious_groups_in_schools":"y","anti_satellite_test_ban":"n","aid_to_nicaraguan_contras":"n","mx_missile":"n","immigration":"n","synfuels_corporation_cutback":"n","education_spending":"y","superfund_right_to_sue":"y","crime":"y","duty_free_exports":"n","export_administration_act_south_africa":"y\n"},
    {"classification":"republican","handicapped_infants":"n","water_project_cost_sharing":"y","adoption_of_the_budget_resolution":"n","physician_fee_freeze":"y","el_salvador_aid":"y","religious_groups_in_schools":"y","anti_satellite_test_ban":"n","aid_to_nicaraguan_contras":"n","mx_missile":"y","immigration":"y","synfuels_corporation_cutback":"n","education_spending":"y","superfund_right_to_sue":"y","crime":"y","duty_free_exports":"n","export_administration_act_south_africa":"y\n"},
    {"classification":"republican","handicapped_infants":"n","water_project_cost_sharing":"y","adoption_of_the_budget_resolution":"n","physician_fee_freeze":"y","el_salvador_aid":"y","religious_groups_in_schools":"y","anti_satellite_test_ban":"n","aid_to_nicaraguan_contras":"n","mx_missile":"n","immigration":"y","synfuels_corporation_cutback":"n","education_spending":"y","superfund_right_to_sue":"y","crime":"y","duty_free_exports":"n","export_administration_act_south_africa":"y\n"},
    {"classification":"republican","handicapped_infants":"n","water_project_cost_sharing":"n","adoption_of_the_budget_resolution":"n","physician_fee_freeze":"y","el_salvador_aid":"y","religious_groups_in_schools":"y","anti_satellite_test_ban":"n","aid_to_nicaraguan_contras":"n","mx_missile":"n","immigration":"y","synfuels_corporation_cutback":"n","education_spending":"y","superfund_right_to_sue":"n","crime":"y","duty_free_exports":"n","export_administration_act_south_africa":"y\n"},
    {"classification":"democrat","handicapped_infants":"n","water_project_cost_sharing":"n","adoption_of_the_budget_resolution":"y","physician_fee_freeze":"n","el_salvador_aid":"n","religious_groups_in_schools":"n","anti_satellite_test_ban":"y","aid_to_nicaraguan_contras":"y","mx_missile":"y","immigration":"n","synfuels_corporation_cutback":"n","education_spending":"n","superfund_right_to_sue":"n","crime":"n","duty_free_exports":"y","export_administration_act_south_africa":"y\n"},
    {"classification":"democrat","handicapped_infants":"y","water_project_cost_sharing":"n","adoption_of_the_budget_resolution":"y","physician_fee_freeze":"n","el_salvador_aid":"n","religious_groups_in_schools":"y","anti_satellite_test_ban":"y","aid_to_nicaraguan_contras":"y","mx_missile":"n","immigration":"n","synfuels_corporation_cutback":"n","education_spending":"y","superfund_right_to_sue":"y","crime":"n","duty_free_exports":"n","export_administration_act_south_africa":"y\n"},
    {"classification":"republican","handicapped_infants":"n","water_project_cost_sharing":"n","adoption_of_the_budget_resolution":"n","physician_fee_freeze":"y","el_salvador_aid":"y","religious_groups_in_schools":"y","anti_satellite_test_ban":"y","aid_to_nicaraguan_contras":"n","mx_missile":"n","immigration":"y","synfuels_corporation_cutback":"n","education_spending":"n","superfund_right_to_sue":"n","crime":"y","duty_free_exports":"y","export_administration_act_south_africa":"y\n"},
    {"classification":"democrat","handicapped_infants":"y","water_project_cost_sharing":"n","adoption_of_the_budget_resolution":"y","physician_fee_freeze":"n","el_salvador_aid":"n","religious_groups_in_schools":"n","anti_satellite_test_ban":"y","aid_to_nicaraguan_contras":"y","mx_missile":"y","immigration":"y","synfuels_corporation_cutback":"y","education_spending":"n","superfund_right_to_sue":"n","crime":"y","duty_free_exports":"y","export_administration_act_south_africa":"y\n"},
    {"classification":"democrat","handicapped_infants":"y","water_project_cost_sharing":"n","adoption_of_the_budget_resolution":"y","physician_fee_freeze":"n","el_salvador_aid":"n","religious_groups_in_schools":"n","anti_satellite_test_ban":"n","aid_to_nicaraguan_contras":"y","mx_missile":"y","immigration":"y","synfuels_corporation_cutback":"n","education_spending":"n","superfund_right_to_sue":"n","crime":"n","duty_free_exports":"y","export_administration_act_south_africa":"y\n"},
    {"classification":"democrat","handicapped_infants":"y","water_project_cost_sharing":"n","adoption_of_the_budget_resolution":"y","physician_fee_freeze":"n","el_salvador_aid":"n","religious_groups_in_schools":"n","anti_satellite_test_ban":"y","aid_to_nicaraguan_contras":"y","mx_missile":"y","immigration":"y","synfuels_corporation_cutback":"y","education_spending":"n","superfund_right_to_sue":"n","crime":"n","duty_free_exports":"y","export_administration_act_south_africa":"y\n"},
    {"classification":"republican","handicapped_infants":"n","water_project_cost_sharing":"y","adoption_of_the_budget_resolution":"n","physician_fee_freeze":"y","el_salvador_aid":"y","religious_groups_in_schools":"y","anti_satellite_test_ban":"n","aid_to_nicaraguan_contras":"n","mx_missile":"n","immigration":"n","synfuels_corporation_cutback":"n","education_spending":"y","superfund_right_to_sue":"y","crime":"y","duty_free_exports":"n","export_administration_act_south_africa":"n\n"},
    {"classification":"republican","handicapped_infants":"n","water_project_cost_sharing":"y","adoption_of_the_budget_resolution":"n","physician_fee_freeze":"y","el_salvador_aid":"y","religious_groups_in_schools":"y","anti_satellite_test_ban":"n","aid_to_nicaraguan_contras":"n","mx_missile":"n","immigration":"n","synfuels_corporation_cutback":"n","education_spending":"y","superfund_right_to_sue":"y","crime":"y","duty_free_exports":"n","export_administration_act_south_africa":"n\n"},
    {"classification":"democrat","handicapped_infants":"y","water_project_cost_sharing":"y","adoption_of_the_budget_resolution":"y","physician_fee_freeze":"n","el_salvador_aid":"n","religious_groups_in_schools":"y","anti_satellite_test_ban":"y","aid_to_nicaraguan_contras":"y","mx_missile":"y","immigration":"n","synfuels_corporation_cutback":"n","education_spending":"n","superfund_right_to_sue":"n","crime":"n","duty_free_exports":"y","export_administration_act_south_africa":"y\n"},
    {"classification":"republican","handicapped_infants":"n","water_project_cost_sharing":"y","adoption_of_the_budget_resolution":"n","physician_fee_freeze":"y","el_salvador_aid":"y","religious_groups_in_schools":"y","anti_satellite_test_ban":"n","aid_to_nicaraguan_contras":"n","mx_missile":"n","immigration":"n","synfuels_corporation_cutback":"n","education_spending":"y","superfund_right_to_sue":"y","crime":"y","duty_free_exports":"n","export_administration_act_south_africa":"y\n"},
    {"classification":"democrat","handicapped_infants":"y","water_project_cost_sharing":"n","adoption_of_the_budget_resolution":"y","physician_fee_freeze":"n","el_salvador_aid":"n","religious_groups_in_schools":"n","anti_satellite_test_ban":"y","aid_to_nicaraguan_contras":"y","mx_missile":"y","immigration":"y","synfuels_corporation_cutback":"n","education_spending":"n","superfund_right_to_sue":"n","crime":"n","duty_free_exports":"n","export_administration_act_south_africa":"y\n"},
    {"classification":"democrat","handicapped_infants":"y","water_project_cost_sharing":"n","adoption_of_the_budget_resolution":"y","physician_fee_freeze":"n","el_salvador_aid":"n","religious_groups_in_schools":"n","anti_satellite_test_ban":"y","aid_to_nicaraguan_contras":"y","mx_missile":"y","immigration":"y","synfuels_corporation_cutback":"n","education_spending":"n","superfund_right_to_sue":"n","crime":"y","duty_free_exports":"y","export_administration_act_south_africa":"y\n"},
    {"classification":"republican","handicapped_infants":"n","water_project_cost_sharing":"n","adoption_of_the_budget_resolution":"n","physician_fee_freeze":"y","el_salvador_aid":"y","religious_groups_in_schools":"n","anti_satellite_test_ban":"n","aid_to_nicaraguan_contras":"n","mx_missile":"n","immigration":"n","synfuels_corporation_cutback":"n","education_spending":"y","superfund_right_to_sue":"n","crime":"y","duty_free_exports":"n","export_administration_act_south_africa":"n\n"},
    {"classification":"democrat","handicapped_infants":"n","water_project_cost_sharing":"n","adoption_of_the_budget_resolution":"y","physician_fee_freeze":"n","el_salvador_aid":"n","religious_groups_in_schools":"n","anti_satellite_test_ban":"y","aid_to_nicaraguan_contras":"y","mx_missile":"y","immigration":"n","synfuels_corporation_cutback":"y","education_spending":"n","superfund_right_to_sue":"n","crime":"n","duty_free_exports":"y","export_administration_act_south_africa":"y\n"},
    {"classification":"democrat","handicapped_infants":"y","water_project_cost_sharing":"n","adoption_of_the_budget_resolution":"y","physician_fee_freeze":"n","el_salvador_aid":"n","religious_groups_in_schools":"n","anti_satellite_test_ban":"y","aid_to_nicaraguan_contras":"y","mx_missile":"y","immigration":"n","synfuels_corporation_cutback":"n","education_spending":"n","superfund_right_to_sue":"n","crime":"n","duty_free_exports":"n","export_administration_act_south_africa":"y\n"},
    {"classification":"democrat","handicapped_infants":"y","water_project_cost_sharing":"n","adoption_of_the_budget_resolution":"y","physician_fee_freeze":"n","el_salvador_aid":"n","religious_groups_in_schools":"n","anti_satellite_test_ban":"y","aid_to_nicaraguan_contras":"y","mx_missile":"y","immigration":"y","synfuels_corporation_cutback":"n","education_spending":"n","superfund_right_to_sue":"n","crime":"n","duty_free_exports":"n","export_administration_act_south_africa":"y\n"},
    {"classification":"democrat","handicapped_infants":"y","water_project_cost_sharing":"n","adoption_of_the_budget_resolution":"y","physician_fee_freeze":"n","el_salvador_aid":"n","religious_groups_in_schools":"n","anti_satellite_test_ban":"y","aid_to_nicaraguan_contras":"y","mx_missile":"y","immigration":"y","synfuels_corporation_cutback":"n","education_spending":"n","superfund_right_to_sue":"n","crime":"n","duty_free_exports":"n","export_administration_act_south_africa":"y\n"},
    {"classification":"republican","handicapped_infants":"n","water_project_cost_sharing":"n","adoption_of_the_budget_resolution":"n","physician_fee_freeze":"y","el_salvador_aid":"y","religious_groups_in_schools":"y","anti_satellite_test_ban":"n","aid_to_nicaraguan_contras":"n","mx_missile":"n","immigration":"y","synfuels_corporation_cutback":"n","education_spending":"y","superfund_right_to_sue":"n","crime":"y","duty_free_exports":"n","export_administration_act_south_africa":"y\n"},
    {"classification":"republican","handicapped_infants":"y","water_project_cost_sharing":"n","adoption_of_the_budget_resolution":"n","physician_fee_freeze":"n","el_salvador_aid":"n","religious_groups_in_schools":"n","anti_satellite_test_ban":"y","aid_to_nicaraguan_contras":"y","mx_missile":"y","immigration":"y","synfuels_corporation_cutback":"n","education_spending":"n","superfund_right_to_sue":"n","crime":"y","duty_free_exports":"n","export_administration_act_south_africa":"y\n"},
    {"classification":"democrat","handicapped_infants":"y","water_project_cost_sharing":"n","adoption_of_the_budget_resolution":"y","physician_fee_freeze":"n","el_salvador_aid":"n","religious_groups_in_schools":"n","anti_satellite_test_ban":"y","aid_to_nicaraguan_contras":"y","mx_missile":"y","immigration":"n","synfuels_corporation_cutback":"n","education_spending":"n","superfund_right_to_sue":"n","crime":"n","duty_free_exports":"n","export_administration_act_south_africa":"y\n"},
    {"classification":"democrat","handicapped_infants":"y","water_project_cost_sharing":"y","adoption_of_the_budget_resolution":"y","physician_fee_freeze":"n","el_salvador_aid":"n","religious_groups_in_schools":"n","anti_satellite_test_ban":"y","aid_to_nicaraguan_contras":"y","mx_missile":"y","immigration":"n","synfuels_corporation_cutback":"n","education_spending":"n","superfund_right_to_sue":"n","crime":"n","duty_free_exports":"y","export_administration_act_south_africa":"y\n"},
    {"classification":"republican","handicapped_infants":"y","water_project_cost_sharing":"n","adoption_of_the_budget_resolution":"n","physician_fee_freeze":"y","el_salvador_aid":"y","religious_groups_in_schools":"n","anti_satellite_test_ban":"y","aid_to_nicaraguan_contras":"n","mx_missile":"n","immigration":"y","synfuels_corporation_cutback":"n","education_spending":"n","superfund_right_to_sue":"n","crime":"y","duty_free_exports":"y","export_administration_act_south_africa":"y\n"},
    {"classification":"republican","handicapped_infants":"n","water_project_cost_sharing":"n","adoption_of_the_budget_resolution":"n","physician_fee_freeze":"y","el_salvador_aid":"y","religious_groups_in_schools":"y","anti_satellite_test_ban":"n","aid_to_nicaraguan_contras":"n","mx_missile":"n","immigration":"n","synfuels_corporation_cutback":"n","education_spending":"y","superfund_right_to_sue":"y","crime":"y","duty_free_exports":"y","export_administration_act_south_africa":"n\n"},
    {"classification":"republican","handicapped_infants":"n","water_project_cost_sharing":"n","adoption_of_the_budget_resolution":"y","physician_fee_freeze":"y","el_salvador_aid":"y","religious_groups_in_schools":"y","anti_satellite_test_ban":"y","aid_to_nicaraguan_contras":"y","mx_missile":"n","immigration":"y","synfuels_corporation_cutback":"n","education_spending":"n","superfund_right_to_sue":"n","crime":"y","duty_free_exports":"n","export_administration_act_south_africa":"y\n"},
    {"classification":"republican","handicapped_infants":"n","water_project_cost_sharing":"n","adoption_of_the_budget_resolution":"n","physician_fee_freeze":"y","el_salvador_aid":"y","religious_groups_in_schools":"y","anti_satellite_test_ban":"n","aid_to_nicaraguan_contras":"n","mx_missile":"n","immigration":"n","synfuels_corporation_cutback":"n","education_spending":"y","superfund_right_to_sue":"y","crime":"y","duty_free_exports":"n","export_administration_act_south_africa":"y\n"},
    {"classification":"republican","handicapped_infants":"n","water_project_cost_sharing":"n","adoption_of_the_budget_resolution":"n","physician_fee_freeze":"y","el_salvador_aid":"y","religious_groups_in_schools":"y","anti_satellite_test_ban":"n","aid_to_nicaraguan_contras":"n","mx_missile":"n","immigration":"y","synfuels_corporation_cutback":"n","education_spending":"y","superfund_right_to_sue":"y","crime":"y","duty_free_exports":"n","export_administration_act_south_africa":"n\n"},
    {"classification":"democrat","handicapped_infants":"n","water_project_cost_sharing":"n","adoption_of_the_budget_resolution":"y","physician_fee_freeze":"n","el_salvador_aid":"n","religious_groups_in_schools":"n","anti_satellite_test_ban":"y","aid_to_nicaraguan_contras":"y","mx_missile":"y","immigration":"y","synfuels_corporation_cutback":"n","education_spending":"n","superfund_right_to_sue":"n","crime":"y","duty_free_exports":"n","export_administration_act_south_africa":"y\n"},
    {"classification":"republican","handicapped_infants":"n","water_project_cost_sharing":"n","adoption_of_the_budget_resolution":"n","physician_fee_freeze":"y","el_salvador_aid":"y","religious_groups_in_schools":"y","anti_satellite_test_ban":"n","aid_to_nicaraguan_contras":"n","mx_missile":"n","immigration":"n","synfuels_corporation_cutback":"n","education_spending":"y","superfund_right_to_sue":"y","crime":"y","duty_free_exports":"n","export_administration_act_south_africa":"y\n"},
    {"classification":"democrat","handicapped_infants":"n","water_project_cost_sharing":"n","adoption_of_the_budget_resolution":"y","physician_fee_freeze":"n","el_salvador_aid":"n","religious_groups_in_schools":"y","anti_satellite_test_ban":"y","aid_to_nicaraguan_contras":"y","mx_missile":"y","immigration":"y","synfuels_corporation_cutback":"y","education_spending":"n","superfund_right_to_sue":"n","crime":"n","duty_free_exports":"y","export_administration_act_south_africa":"y\n"},
    {"classification":"democrat","handicapped_infants":"y","water_project_cost_sharing":"y","adoption_of_the_budget_resolution":"y","physician_fee_freeze":"n","el_salvador_aid":"y","religious_groups_in_schools":"y","anti_satellite_test_ban":"n","aid_to_nicaraguan_contras":"y","mx_missile":"n","immigration":"y","synfuels_corporation_cutback":"y","education_spending":"n","superfund_right_to_sue":"y","crime":"y","duty_free_exports":"y","export_administration_act_south_africa":"y\n"},
    {"classification":"democrat","handicapped_infants":"y","water_project_cost_sharing":"n","adoption_of_the_budget_resolution":"y","physician_fee_freeze":"n","el_salvador_aid":"n","religious_groups_in_schools":"y","anti_satellite_test_ban":"y","aid_to_nicaraguan_contras":"y","mx_missile":"n","immigration":"y","synfuels_corporation_cutback":"y","education_spending":"n","superfund_right_to_sue":"y","crime":"y","duty_free_exports":"y","export_administration_act_south_africa":"y\n"},
    {"classification":"democrat","handicapped_infants":"y","water_project_cost_sharing":"y","adoption_of_the_budget_resolution":"y","physician_fee_freeze":"n","el_salvador_aid":"n","religious_groups_in_schools":"y","anti_satellite_test_ban":"y","aid_to_nicaraguan_contras":"y","mx_missile":"y","immigration":"y","synfuels_corporation_cutback":"y","education_spending":"n","superfund_right_to_sue":"y","crime":"y","duty_free_exports":"y","export_administration_act_south_africa":"y\n"},
    {"classification":"republican","handicapped_infants":"n","water_project_cost_sharing":"n","adoption_of_the_budget_resolution":"y","physician_fee_freeze":"y","el_salvador_aid":"y","religious_groups_in_schools":"y","anti_satellite_test_ban":"n","aid_to_nicaraguan_contras":"n","mx_missile":"n","immigration":"y","synfuels_corporation_cutback":"n","education_spending":"y","superfund_right_to_sue":"y","crime":"y","duty_free_exports":"y","export_administration_act_south_africa":"y\n"},
    {"classification":"democrat","handicapped_infants":"n","water_project_cost_sharing":"y","adoption_of_the_budget_resolution":"n","physician_fee_freeze":"n","el_salvador_aid":"n","religious_groups_in_schools":"n","anti_satellite_test_ban":"y","aid_to_nicaraguan_contras":"y","mx_missile":"y","immigration":"y","synfuels_corporation_cutback":"y","education_spending":"n","superfund_right_to_sue":"n","crime":"n","duty_free_exports":"y","export_administration_act_south_africa":"y\n"},
    {"classification":"democrat","handicapped_infants":"n","water_project_cost_sharing":"y","adoption_of_the_budget_resolution":"y","physician_fee_freeze":"n","el_salvador_aid":"n","religious_groups_in_schools":"y","anti_satellite_test_ban":"y","aid_to_nicaraguan_contras":"y","mx_missile":"y","immigration":"y","synfuels_corporation_cutback":"n","education_spending":"n","superfund_right_to_sue":"y","crime":"y","duty_free_exports":"y","export_administration_act_south_africa":"y\n"},
    {"classification":"republican","handicapped_infants":"n","water_project_cost_sharing":"n","adoption_of_the_budget_resolution":"n","physician_fee_freeze":"y","el_salvador_aid":"y","religious_groups_in_schools":"n","anti_satellite_test_ban":"y","aid_to_nicaraguan_contras":"y","mx_missile":"y","immigration":"y","synfuels_corporation_cutback":"n","education_spending":"y","superfund_right_to_sue":"y","crime":"y","duty_free_exports":"n","export_administration_act_south_africa":"y\n"},
    {"classification":"republican","handicapped_infants":"n","water_project_cost_sharing":"n","adoption_of_the_budget_resolution":"n","physician_fee_freeze":"y","el_salvador_aid":"y","religious_groups_in_schools":"y","anti_satellite_test_ban":"y","aid_to_nicaraguan_contras":"n","mx_missile":"n","immigration":"y","synfuels_corporation_cutback":"n","education_spending":"y","superfund_right_to_sue":"y","crime":"y","duty_free_exports":"n","export_administration_act_south_africa":"y\n"},
    {"classification":"republican","handicapped_infants":"n","water_project_cost_sharing":"n","adoption_of_the_budget_resolution":"n","physician_fee_freeze":"y","el_salvador_aid":"y","religious_groups_in_schools":"y","anti_satellite_test_ban":"n","aid_to_nicaraguan_contras":"n","mx_missile":"n","immigration":"n","synfuels_corporation_cutback":"n","education_spending":"y","superfund_right_to_sue":"y","crime":"y","duty_free_exports":"n","export_administration_act_south_africa":"n\n"},
    {"classification":"republican","handicapped_infants":"n","water_project_cost_sharing":"n","adoption_of_the_budget_resolution":"n","physician_fee_freeze":"y","el_salvador_aid":"y","religious_groups_in_schools":"y","anti_satellite_test_ban":"n","aid_to_nicaraguan_contras":"n","mx_missile":"n","immigration":"y","synfuels_corporation_cutback":"n","education_spending":"y","superfund_right_to_sue":"y","crime":"y","duty_free_exports":"n","export_administration_act_south_africa":"n\n"},
    {"classification":"republican","handicapped_infants":"n","water_project_cost_sharing":"n","adoption_of_the_budget_resolution":"n","physician_fee_freeze":"y","el_salvador_aid":"y","religious_groups_in_schools":"y","anti_satellite_test_ban":"n","aid_to_nicaraguan_contras":"n","mx_missile":"n","immigration":"n","synfuels_corporation_cutback":"n","education_spending":"y","superfund_right_to_sue":"y","crime":"y","duty_free_exports":"n","export_administration_act_south_africa":"n\n"},
    {"classification":"republican","handicapped_infants":"n","water_project_cost_sharing":"n","adoption_of_the_budget_resolution":"n","physician_fee_freeze":"y","el_salvador_aid":"y","religious_groups_in_schools":"y","anti_satellite_test_ban":"n","aid_to_nicaraguan_contras":"n","mx_missile":"n","immigration":"y","synfuels_corporation_cutback":"n","education_spending":"y","superfund_right_to_sue":"y","crime":"y","duty_free_exports":"n","export_administration_act_south_africa":"n\n"},
    {"classification":"democrat","handicapped_infants":"y","water_project_cost_sharing":"n","adoption_of_the_budget_resolution":"n","physician_fee_freeze":"n","el_salvador_aid":"n","religious_groups_in_schools":"y","anti_satellite_test_ban":"y","aid_to_nicaraguan_contras":"y","mx_missile":"y","immigration":"y","synfuels_corporation_cutback":"n","education_spending":"n","superfund_right_to_sue":"n","crime":"y","duty_free_exports":"y","export_administration_act_south_africa":"y\n"},
    {"classification":"republican","handicapped_infants":"n","water_project_cost_sharing":"n","adoption_of_the_budget_resolution":"n","physician_fee_freeze":"y","el_salvador_aid":"y","religious_groups_in_schools":"y","anti_satellite_test_ban":"n","aid_to_nicaraguan_contras":"n","mx_missile":"n","immigration":"y","synfuels_corporation_cutback":"n","education_spending":"y","superfund_right_to_sue":"y","crime":"y","duty_free_exports":"y","export_administration_act_south_africa":"n\n"},
    {"classification":"democrat","handicapped_infants":"n","water_project_cost_sharing":"n","adoption_of_the_budget_resolution":"y","physician_fee_freeze":"n","el_salvador_aid":"n","religious_groups_in_schools":"y","anti_satellite_test_ban":"y","aid_to_nicaraguan_contras":"y","mx_missile":"y","immigration":"y","synfuels_corporation_cutback":"n","education_spending":"n","superfund_right_to_sue":"y","crime":"n","duty_free_exports":"n","export_administration_act_south_africa":"y\n"},
    {"classification":"democrat","handicapped_infants":"y","water_project_cost_sharing":"y","adoption_of_the_budget_resolution":"y","physician_fee_freeze":"n","el_salvador_aid":"n","religious_groups_in_schools":"n","anti_satellite_test_ban":"y","aid_to_nicaraguan_contras":"y","mx_missile":"y","immigration":"y","synfuels_corporation_cutback":"n","education_spending":"n","superfund_right_to_sue":"n","crime":"n","duty_free_exports":"y","export_administration_act_south_africa":"y\n"},
    {"classification":"republican","handicapped_infants":"n","water_project_cost_sharing":"y","adoption_of_the_budget_resolution":"y","physician_fee_freeze":"y","el_salvador_aid":"y","religious_groups_in_schools":"y","anti_satellite_test_ban":"n","aid_to_nicaraguan_contras":"n","mx_missile":"n","immigration":"y","synfuels_corporation_cutback":"n","education_spending":"y","superfund_right_to_sue":"y","crime":"y","duty_free_exports":"n","export_administration_act_south_africa":"y\n"},
    {"classification":"republican","handicapped_infants":"n","water_project_cost_sharing":"y","adoption_of_the_budget_resolution":"n","physician_fee_freeze":"y","el_salvador_aid":"y","religious_groups_in_schools":"y","anti_satellite_test_ban":"y","aid_to_nicaraguan_contras":"y","mx_missile":"n","immigration":"n","synfuels_corporation_cutback":"y","education_spending":"y","superfund_right_to_sue":"y","crime":"y","duty_free_exports":"y","export_administration_act_south_africa":"y\n"},
    {"classification":"democrat","handicapped_infants":"n","water_project_cost_sharing":"n","adoption_of_the_budget_resolution":"n","physician_fee_freeze":"n","el_salvador_aid":"n","religious_groups_in_schools":"y","anti_satellite_test_ban":"n","aid_to_nicaraguan_contras":"y","mx_missile":"y","immigration":"n","synfuels_corporation_cutback":"y","education_spending":"y","superfund_right_to_sue":"y","crime":"y","duty_free_exports":"y","export_administration_act_south_africa":"n\n"},
    {"classification":"democrat","handicapped_infants":"y","water_project_cost_sharing":"n","adoption_of_the_budget_resolution":"n","physician_fee_freeze":"n","el_salvador_aid":"n","religious_groups_in_schools":"n","anti_satellite_test_ban":"y","aid_to_nicaraguan_contras":"y","mx_missile":"y","immigration":"y","synfuels_corporation_cutback":"n","education_spending":"n","superfund_right_to_sue":"n","crime":"n","duty_free_exports":"y","export_administration_act_south_africa":"y\n"},
    {"classification":"democrat","handicapped_infants":"n","water_project_cost_sharing":"y","adoption_of_the_budget_resolution":"y","physician_fee_freeze":"n","el_salvador_aid":"n","religious_groups_in_schools":"y","anti_satellite_test_ban":"n","aid_to_nicaraguan_contras":"y","mx_missile":"y","immigration":"y","synfuels_corporation_cutback":"n","education_spending":"n","superfund_right_to_sue":"y","crime":"y","duty_free_exports":"n","export_administration_act_south_africa":"y\n"},
    {"classification":"democrat","handicapped_infants":"y","water_project_cost_sharing":"y","adoption_of_the_budget_resolution":"y","physician_fee_freeze":"n","el_salvador_aid":"n","religious_groups_in_schools":"n","anti_satellite_test_ban":"y","aid_to_nicaraguan_contras":"y","mx_missile":"y","immigration":"y","synfuels_corporation_cutback":"n","education_spending":"n","superfund_right_to_sue":"y","crime":"n","duty_free_exports":"n","export_administration_act_south_africa":"y\n"},
    {"classification":"republican","handicapped_infants":"n","water_project_cost_sharing":"y","adoption_of_the_budget_resolution":"n","physician_fee_freeze":"y","el_salvador_aid":"y","religious_groups_in_schools":"y","anti_satellite_test_ban":"n","aid_to_nicaraguan_contras":"n","mx_missile":"n","immigration":"n","synfuels_corporation_cutback":"y","education_spending":"y","superfund_right_to_sue":"y","crime":"y","duty_free_exports":"n","export_administration_act_south_africa":"n\n"},
    {"classification":"democrat","handicapped_infants":"y","water_project_cost_sharing":"y","adoption_of_the_budget_resolution":"n","physician_fee_freeze":"y","el_salvador_aid":"n","religious_groups_in_schools":"n","anti_satellite_test_ban":"y","aid_to_nicaraguan_contras":"y","mx_missile":"y","immigration":"n","synfuels_corporation_cutback":"y","education_spending":"n","superfund_right_to_sue":"n","crime":"y","duty_free_exports":"n","export_administration_act_south_africa":"y\n"},
    {"classification":"republican","handicapped_infants":"n","water_project_cost_sharing":"y","adoption_of_the_budget_resolution":"n","physician_fee_freeze":"y","el_salvador_aid":"y","religious_groups_in_schools":"y","anti_satellite_test_ban":"n","aid_to_nicaraguan_contras":"n","mx_missile":"n","immigration":"n","synfuels_corporation_cutback":"n","education_spending":"y","superfund_right_to_sue":"y","crime":"y","duty_free_exports":"n","export_administration_act_south_africa":"y\n"},
    {"classification":"democrat","handicapped_infants":"y","water_project_cost_sharing":"y","adoption_of_the_budget_resolution":"y","physician_fee_freeze":"n","el_salvador_aid":"n","religious_groups_in_schools":"n","anti_satellite_test_ban":"y","aid_to_nicaraguan_contras":"y","mx_missile":"y","immigration":"n","synfuels_corporation_cutback":"y","education_spending":"n","superfund_right_to_sue":"n","crime":"n","duty_free_exports":"n","export_administration_act_south_africa":"y\n"},
    {"classification":"republican","handicapped_infants":"n","water_project_cost_sharing":"y","adoption_of_the_budget_resolution":"n","physician_fee_freeze":"y","el_salvador_aid":"y","religious_groups_in_schools":"y","anti_satellite_test_ban":"n","aid_to_nicaraguan_contras":"n","mx_missile":"n","immigration":"y","synfuels_corporation_cutback":"n","education_spending":"y","superfund_right_to_sue":"y","crime":"y","duty_free_exports":"n","export_administration_act_south_africa":"n\n"},
    {"classification":"democrat","handicapped_infants":"n","water_project_cost_sharing":"n","adoption_of_the_budget_resolution":"y","physician_fee_freeze":"n","el_salvador_aid":"n","religious_groups_in_schools":"n","anti_satellite_test_ban":"y","aid_to_nicaraguan_contras":"y","mx_missile":"y","immigration":"n","synfuels_corporation_cutback":"n","education_spending":"n","superfund_right_to_sue":"n","crime":"n","duty_free_exports":"y","export_administration_act_south_africa":"y\n"},
    {"classification":"democrat","handicapped_infants":"y","water_project_cost_sharing":"n","adoption_of_the_budget_resolution":"y","physician_fee_freeze":"n","el_salvador_aid":"n","religious_groups_in_schools":"n","anti_satellite_test_ban":"y","aid_to_nicaraguan_contras":"y","mx_missile":"y","immigration":"n","synfuels_corporation_cutback":"n","education_spending":"n","superfund_right_to_sue":"n","crime":"n","duty_free_exports":"y","export_administration_act_south_africa":"y\n"},
    {"classification":"democrat","handicapped_infants":"y","water_project_cost_sharing":"n","adoption_of_the_budget_resolution":"y","physician_fee_freeze":"n","el_salvador_aid":"n","religious_groups_in_schools":"n","anti_satellite_test_ban":"y","aid_to_nicaraguan_contras":"y","mx_missile":"y","immigration":"y","synfuels_corporation_cutback":"n","education_spending":"n","superfund_right_to_sue":"n","crime":"y","duty_free_exports":"y","export_administration_act_south_africa":"y\n"},
    {"classification":"republican","handicapped_infants":"y","water_project_cost_sharing":"n","adoption_of_the_budget_resolution":"n","physician_fee_freeze":"y","el_salvador_aid":"y","religious_groups_in_schools":"y","anti_satellite_test_ban":"n","aid_to_nicaraguan_contras":"n","mx_missile":"n","immigration":"n","synfuels_corporation_cutback":"y","education_spending":"y","superfund_right_to_sue":"y","crime":"y","duty_free_exports":"n","export_administration_act_south_africa":"n\n"},
    {"classification":"republican","handicapped_infants":"n","water_project_cost_sharing":"n","adoption_of_the_budget_resolution":"n","physician_fee_freeze":"y","el_salvador_aid":"y","religious_groups_in_schools":"y","anti_satellite_test_ban":"n","aid_to_nicaraguan_contras":"n","mx_missile":"n","immigration":"y","synfuels_corporation_cutback":"y","education_spending":"y","superfund_right_to_sue":"n","crime":"y","duty_free_exports":"n","export_administration_act_south_africa":"y\n"},
    {"classification":"republican","handicapped_infants":"n","water_project_cost_sharing":"n","adoption_of_the_budget_resolution":"n","physician_fee_freeze":"y","el_salvador_aid":"y","religious_groups_in_schools":"n","anti_satellite_test_ban":"y","aid_to_nicaraguan_contras":"n","mx_missile":"y","immigration":"y","synfuels_corporation_cutback":"n","education_spending":"n","superfund_right_to_sue":"n","crime":"y","duty_free_exports":"n","export_administration_act_south_africa":"y\n"},
    {"classification":"democrat","handicapped_infants":"n","water_project_cost_sharing":"n","adoption_of_the_budget_resolution":"y","physician_fee_freeze":"n","el_salvador_aid":"n","religious_groups_in_schools":"n","anti_satellite_test_ban":"y","aid_to_nicaraguan_contras":"y","mx_missile":"y","immigration":"y","synfuels_corporation_cutback":"y","education_spending":"n","superfund_right_to_sue":"n","crime":"n","duty_free_exports":"y","export_administration_act_south_africa":"y\n"},
    {"classification":"republican","handicapped_infants":"n","water_project_cost_sharing":"n","adoption_of_the_budget_resolution":"n","physician_fee_freeze":"y","el_salvador_aid":"y","religious_groups_in_schools":"y","anti_satellite_test_ban":"y","aid_to_nicaraguan_contras":"n","mx_missile":"n","immigration":"y","synfuels_corporation_cutback":"n","education_spending":"y","superfund_right_to_sue":"n","crime":"y","duty_free_exports":"y","export_administration_act_south_africa":"y\n"},
    {"classification":"republican","handicapped_infants":"n","water_project_cost_sharing":"n","adoption_of_the_budget_resolution":"n","physician_fee_freeze":"y","el_salvador_aid":"y","religious_groups_in_schools":"y","anti_satellite_test_ban":"n","aid_to_nicaraguan_contras":"n","mx_missile":"n","immigration":"y","synfuels_corporation_cutback":"n","education_spending":"y","superfund_right_to_sue":"y","crime":"y","duty_free_exports":"n","export_administration_act_south_africa":"y\n"},
    {"classification":"republican","handicapped_infants":"y","water_project_cost_sharing":"n","adoption_of_the_budget_resolution":"n","physician_fee_freeze":"y","el_salvador_aid":"y","religious_groups_in_schools":"y","anti_satellite_test_ban":"n","aid_to_nicaraguan_contras":"n","mx_missile":"n","immigration":"y","synfuels_corporation_cutback":"n","education_spending":"y","superfund_right_to_sue":"y","crime":"y","duty_free_exports":"n","export_administration_act_south_africa":"n\n"},
    {"classification":"republican","handicapped_infants":"n","water_project_cost_sharing":"y","adoption_of_the_budget_resolution":"y","physician_fee_freeze":"y","el_salvador_aid":"y","religious_groups_in_schools":"y","anti_satellite_test_ban":"y","aid_to_nicaraguan_contras":"y","mx_missile":"y","immigration":"n","synfuels_corporation_cutback":"n","education_spending":"y","superfund_right_to_sue":"y","crime":"y","duty_free_exports":"n","export_administration_act_south_africa":"y\n"},
    {"classification":"democrat","handicapped_infants":"n","water_project_cost_sharing":"y","adoption_of_the_budget_resolution":"n","physician_fee_freeze":"n","el_salvador_aid":"n","religious_groups_in_schools":"y","anti_satellite_test_ban":"y","aid_to_nicaraguan_contras":"n","mx_missile":"y","immigration":"n","synfuels_corporation_cutback":"y","education_spending":"n","superfund_right_to_sue":"n","crime":"n","duty_free_exports":"y","export_administration_act_south_africa":"y\n"},
    {"classification":"republican","handicapped_infants":"n","water_project_cost_sharing":"n","adoption_of_the_budget_resolution":"y","physician_fee_freeze":"y","el_salvador_aid":"y","religious_groups_in_schools":"y","anti_satellite_test_ban":"y","aid_to_nicaraguan_contras":"y","mx_missile":"y","immigration":"y","synfuels_corporation_cutback":"n","education_spending":"y","superfund_right_to_sue":"y","crime":"y","duty_free_exports":"y","export_administration_act_south_africa":"y\n"},
    {"classification":"republican","handicapped_infants":"n","water_project_cost_sharing":"n","adoption_of_the_budget_resolution":"y","physician_fee_freeze":"y","el_salvador_aid":"y","religious_groups_in_schools":"y","anti_satellite_test_ban":"y","aid_to_nicaraguan_contras":"n","mx_missile":"n","immigration":"y","synfuels_corporation_cutback":"y","education_spending":"y","superfund_right_to_sue":"y","crime":"y","duty_free_exports":"n","export_administration_act_south_africa":"y\n"},
    {"classification":"republican","handicapped_infants":"y","water_project_cost_sharing":"n","adoption_of_the_budget_resolution":"y","physician_fee_freeze":"y","el_salvador_aid":"n","religious_groups_in_schools":"n","anti_satellite_test_ban":"n","aid_to_nicaraguan_contras":"y","mx_missile":"y","immigration":"y","synfuels_corporation_cutback":"n","education_spending":"n","superfund_right_to_sue":"n","crime":"y","duty_free_exports":"y","export_administration_act_south_africa":"y\n"},
    {"classification":"republican","handicapped_infants":"n","water_project_cost_sharing":"n","adoption_of_the_budget_resolution":"n","physician_fee_freeze":"y","el_salvador_aid":"y","religious_groups_in_schools":"y","anti_satellite_test_ban":"n","aid_to_nicaraguan_contras":"n","mx_missile":"n","immigration":"n","synfuels_corporation_cutback":"n","education_spending":"y","superfund_right_to_sue":"y","crime":"y","duty_free_exports":"n","export_administration_act_south_africa":"n\n"},
    {"classification":"republican","handicapped_infants":"n","water_project_cost_sharing":"n","adoption_of_the_budget_resolution":"n","physician_fee_freeze":"y","el_salvador_aid":"y","religious_groups_in_schools":"y","anti_satellite_test_ban":"n","aid_to_nicaraguan_contras":"n","mx_missile":"n","immigration":"n","synfuels_corporation_cutback":"n","education_spending":"y","superfund_right_to_sue":"y","crime":"y","duty_free_exports":"n","export_administration_act_south_africa":"n\n"},
    {"classification":"democrat","handicapped_infants":"y","water_project_cost_sharing":"n","adoption_of_the_budget_resolution":"y","physician_fee_freeze":"n","el_salvador_aid":"n","religious_groups_in_schools":"y","anti_satellite_test_ban":"y","aid_to_nicaraguan_contras":"y","mx_missile":"y","immigration":"y","synfuels_corporation_cutback":"n","education_spending":"n","superfund_right_to_sue":"y","crime":"n","duty_free_exports":"n","export_administration_act_south_africa":"y\n"},
    {"classification":"democrat","handicapped_infants":"y","water_project_cost_sharing":"y","adoption_of_the_budget_resolution":"y","physician_fee_freeze":"n","el_salvador_aid":"n","religious_groups_in_schools":"y","anti_satellite_test_ban":"y","aid_to_nicaraguan_contras":"y","mx_missile":"y","immigration":"y","synfuels_corporation_cutback":"y","education_spending":"y","superfund_right_to_sue":"y","crime":"n","duty_free_exports":"n","export_administration_act_south_africa":"y\n"},
    {"classification":"republican","handicapped_infants":"y","water_project_cost_sharing":"y","adoption_of_the_budget_resolution":"n","physician_fee_freeze":"y","el_salvador_aid":"y","religious_groups_in_schools":"y","anti_satellite_test_ban":"n","aid_to_nicaraguan_contras":"n","mx_missile":"n","immigration":"y","synfuels_corporation_cutback":"y","education_spending":"n","superfund_right_to_sue":"y","crime":"n","duty_free_exports":"n","export_administration_act_south_africa":"n\n"},
    {"classification":"republican","handicapped_infants":"y","water_project_cost_sharing":"y","adoption_of_the_budget_resolution":"n","physician_fee_freeze":"y","el_salvador_aid":"y","religious_groups_in_schools":"y","anti_satellite_test_ban":"n","aid_to_nicaraguan_contras":"n","mx_missile":"n","immigration":"n","synfuels_corporation_cutback":"y","education_spending":"n","superfund_right_to_sue":"y","crime":"y","duty_free_exports":"n","export_administration_act_south_africa":"y\n"},
    {"classification":"democrat","handicapped_infants":"n","water_project_cost_sharing":"y","adoption_of_the_budget_resolution":"n","physician_fee_freeze":"n","el_salvador_aid":"y","religious_groups_in_schools":"y","anti_satellite_test_ban":"n","aid_to_nicaraguan_contras":"n","mx_missile":"n","immigration":"y","synfuels_corporation_cutback":"y","education_spending":"n","superfund_right_to_sue":"y","crime":"y","duty_free_exports":"n","export_administration_act_south_africa":"n\n"},
    {"classification":"democrat","handicapped_infants":"n","water_project_cost_sharing":"y","adoption_of_the_budget_resolution":"y","physician_fee_freeze":"n","el_salvador_aid":"n","religious_groups_in_schools":"y","anti_satellite_test_ban":"y","aid_to_nicaraguan_contras":"y","mx_missile":"n","immigration":"y","synfuels_corporation_cutback":"n","education_spending":"n","superfund_right_to_sue":"n","crime":"n","duty_free_exports":"y","export_administration_act_south_africa":"y\n"},
    {"classification":"republican","handicapped_infants":"n","water_project_cost_sharing":"y","adoption_of_the_budget_resolution":"n","physician_fee_freeze":"y","el_salvador_aid":"y","religious_groups_in_schools":"y","anti_satellite_test_ban":"n","aid_to_nicaraguan_contras":"n","mx_missile":"n","immigration":"n","synfuels_corporation_cutback":"n","education_spending":"n","superfund_right_to_sue":"y","crime":"y","duty_free_exports":"n","export_administration_act_south_africa":"y\n"},
    {"classification":"republican","handicapped_infants":"n","water_project_cost_sharing":"y","adoption_of_the_budget_resolution":"n","physician_fee_freeze":"y","el_salvador_aid":"y","religious_groups_in_schools":"y","anti_satellite_test_ban":"n","aid_to_nicaraguan_contras":"n","mx_missile":"n","immigration":"n","synfuels_corporation_cutback":"n","education_spending":"y","superfund_right_to_sue":"y","crime":"y","duty_free_exports":"n","export_administration_act_south_africa":"y\n"},
    {"classification":"democrat","handicapped_infants":"n","water_project_cost_sharing":"y","adoption_of_the_budget_resolution":"n","physician_fee_freeze":"y","el_salvador_aid":"y","religious_groups_in_schools":"y","anti_satellite_test_ban":"n","aid_to_nicaraguan_contras":"n","mx_missile":"n","immigration":"n","synfuels_corporation_cutback":"y","education_spending":"y","superfund_right_to_sue":"n","crime":"y","duty_free_exports":"n","export_administration_act_south_africa":"n\n"},
    {"classification":"republican","handicapped_infants":"n","water_project_cost_sharing":"n","adoption_of_the_budget_resolution":"n","physician_fee_freeze":"y","el_salvador_aid":"y","religious_groups_in_schools":"y","anti_satellite_test_ban":"n","aid_to_nicaraguan_contras":"n","mx_missile":"n","immigration":"n","synfuels_corporation_cutback":"n","education_spending":"y","superfund_right_to_sue":"y","crime":"y","duty_free_exports":"n","export_administration_act_south_africa":"y\n"},
    {"classification":"republican","handicapped_infants":"n","water_project_cost_sharing":"n","adoption_of_the_budget_resolution":"n","physician_fee_freeze":"y","el_salvador_aid":"y","religious_groups_in_schools":"y","anti_satellite_test_ban":"n","aid_to_nicaraguan_contras":"n","mx_missile":"n","immigration":"n","synfuels_corporation_cutback":"n","education_spending":"y","superfund_right_to_sue":"y","crime":"y","duty_free_exports":"n","export_administration_act_south_africa":"y\n"},
    {"classification":"democrat","handicapped_infants":"y","water_project_cost_sharing":"y","adoption_of_the_budget_resolution":"y","physician_fee_freeze":"n","el_salvador_aid":"y","religious_groups_in_schools":"y","anti_satellite_test_ban":"n","aid_to_nicaraguan_contras":"y","mx_missile":"y","immigration":"y","synfuels_corporation_cutback":"y","education_spending":"n","superfund_right_to_sue":"n","crime":"n","duty_free_exports":"n","export_administration_act_south_africa":"y\n"},
    {"classification":"democrat","handicapped_infants":"y","water_project_cost_sharing":"y","adoption_of_the_budget_resolution":"y","physician_fee_freeze":"y","el_salvador_aid":"y","religious_groups_in_schools":"y","anti_satellite_test_ban":"n","aid_to_nicaraguan_contras":"n","mx_missile":"n","immigration":"n","synfuels_corporation_cutback":"y","education_spending":"y","superfund_right_to_sue":"y","crime":"y","duty_free_exports":"n","export_administration_act_south_africa":"y\n"},
    {"classification":"democrat","handicapped_infants":"y","water_project_cost_sharing":"y","adoption_of_the_budget_resolution":"n","physician_fee_freeze":"n","el_salvador_aid":"y","religious_groups_in_schools":"y","anti_satellite_test_ban":"n","aid_to_nicaraguan_contras":"n","mx_missile":"n","immigration":"n","synfuels_corporation_cutback":"y","education_spending":"y","superfund_right_to_sue":"y","crime":"y","duty_free_exports":"y","export_administration_act_south_africa":"n\n"},
    {"classification":"democrat","handicapped_infants":"y","water_project_cost_sharing":"y","adoption_of_the_budget_resolution":"n","physician_fee_freeze":"n","el_salvador_aid":"n","religious_groups_in_schools":"n","anti_satellite_test_ban":"n","aid_to_nicaraguan_contras":"y","mx_missile":"y","immigration":"n","synfuels_corporation_cutback":"y","education_spending":"n","superfund_right_to_sue":"n","crime":"n","duty_free_exports":"y","export_administration_act_south_africa":"n\n"},
    {"classification":"republican","handicapped_infants":"y","water_project_cost_sharing":"y","adoption_of_the_budget_resolution":"n","physician_fee_freeze":"y","el_salvador_aid":"y","religious_groups_in_schools":"y","anti_satellite_test_ban":"n","aid_to_nicaraguan_contras":"n","mx_missile":"n","immigration":"n","synfuels_corporation_cutback":"y","education_spending":"y","superfund_right_to_sue":"y","crime":"y","duty_free_exports":"n","export_administration_act_south_africa":"y\n"},
    {"classification":"democrat","handicapped_infants":"y","water_project_cost_sharing":"y","adoption_of_the_budget_resolution":"y","physician_fee_freeze":"n","el_salvador_aid":"y","religious_groups_in_schools":"y","anti_satellite_test_ban":"n","aid_to_nicaraguan_contras":"y","mx_missile":"n","immigration":"n","synfuels_corporation_cutback":"y","education_spending":"n","superfund_right_to_sue":"y","crime":"n","duty_free_exports":"y","export_administration_act_south_africa":"y\n"},
    {"classification":"democrat","handicapped_infants":"n","water_project_cost_sharing":"y","adoption_of_the_budget_resolution":"y","physician_fee_freeze":"n","el_salvador_aid":"y","religious_groups_in_schools":"y","anti_satellite_test_ban":"n","aid_to_nicaraguan_contras":"y","mx_missile":"n","immigration":"n","synfuels_corporation_cutback":"n","education_spending":"n","superfund_right_to_sue":"n","crime":"n","duty_free_exports":"n","export_administration_act_south_africa":"y\n"},
    {"classification":"republican","handicapped_infants":"n","water_project_cost_sharing":"y","adoption_of_the_budget_resolution":"n","physician_fee_freeze":"y","el_salvador_aid":"y","religious_groups_in_schools":"y","anti_satellite_test_ban":"n","aid_to_nicaraguan_contras":"n","mx_missile":"n","immigration":"y","synfuels_corporation_cutback":"y","education_spending":"y","superfund_right_to_sue":"y","crime":"y","duty_free_exports":"n","export_administration_act_south_africa":"n\n"},
    {"classification":"republican","handicapped_infants":"y","water_project_cost_sharing":"y","adoption_of_the_budget_resolution":"n","physician_fee_freeze":"y","el_salvador_aid":"y","religious_groups_in_schools":"y","anti_satellite_test_ban":"n","aid_to_nicaraguan_contras":"n","mx_missile":"n","immigration":"y","synfuels_corporation_cutback":"n","education_spending":"y","superfund_right_to_sue":"y","crime":"y","duty_free_exports":"n","export_administration_act_south_africa":"y\n"},
    {"classification":"republican","handicapped_infants":"n","water_project_cost_sharing":"n","adoption_of_the_budget_resolution":"n","physician_fee_freeze":"y","el_salvador_aid":"y","religious_groups_in_schools":"y","anti_satellite_test_ban":"n","aid_to_nicaraguan_contras":"n","mx_missile":"n","immigration":"n","synfuels_corporation_cutback":"n","education_spending":"y","superfund_right_to_sue":"y","crime":"y","duty_free_exports":"n","export_administration_act_south_africa":"y\n"},
    {"classification":"democrat","handicapped_infants":"y","water_project_cost_sharing":"n","adoption_of_the_budget_resolution":"y","physician_fee_freeze":"n","el_salvador_aid":"y","religious_groups_in_schools":"y","anti_satellite_test_ban":"n","aid_to_nicaraguan_contras":"n","mx_missile":"y","immigration":"y","synfuels_corporation_cutback":"n","education_spending":"n","superfund_right_to_sue":"y","crime":"y","duty_free_exports":"n","export_administration_act_south_africa":"y\n"},
    {"classification":"democrat","handicapped_infants":"n","water_project_cost_sharing":"n","adoption_of_the_budget_resolution":"n","physician_fee_freeze":"y","el_salvador_aid":"y","religious_groups_in_schools":"y","anti_satellite_test_ban":"n","aid_to_nicaraguan_contras":"n","mx_missile":"n","immigration":"n","synfuels_corporation_cutback":"y","education_spending":"y","superfund_right_to_sue":"y","crime":"y","duty_free_exports":"n","export_administration_act_south_africa":"n\n"},
    {"classification":"republican","handicapped_infants":"n","water_project_cost_sharing":"n","adoption_of_the_budget_resolution":"n","physician_fee_freeze":"y","el_salvador_aid":"y","religious_groups_in_schools":"y","anti_satellite_test_ban":"n","aid_to_nicaraguan_contras":"n","mx_missile":"n","immigration":"n","synfuels_corporation_cutback":"n","education_spending":"y","superfund_right_to_sue":"y","crime":"y","duty_free_exports":"n","export_administration_act_south_africa":"n\n"},
    {"classification":"republican","handicapped_infants":"n","water_project_cost_sharing":"n","adoption_of_the_budget_resolution":"n","physician_fee_freeze":"y","el_salvador_aid":"y","religious_groups_in_schools":"y","anti_satellite_test_ban":"n","aid_to_nicaraguan_contras":"n","mx_missile":"n","immigration":"n","synfuels_corporation_cutback":"y","education_spending":"y","superfund_right_to_sue":"y","crime":"y","duty_free_exports":"n","export_administration_act_south_africa":"y\n"},
    {"classification":"democrat","handicapped_infants":"y","water_project_cost_sharing":"n","adoption_of_the_budget_resolution":"y","physician_fee_freeze":"n","el_salvador_aid":"n","religious_groups_in_schools":"y","anti_satellite_test_ban":"y","aid_to_nicaraguan_contras":"y","mx_missile":"y","immigration":"y","synfuels_corporation_cutback":"y","education_spending":"n","superfund_right_to_sue":"n","crime":"n","duty_free_exports":"n","export_administration_act_south_africa":"y\n"},
    {"classification":"republican","handicapped_infants":"n","water_project_cost_sharing":"n","adoption_of_the_budget_resolution":"n","physician_fee_freeze":"y","el_salvador_aid":"y","religious_groups_in_schools":"y","anti_satellite_test_ban":"n","aid_to_nicaraguan_contras":"n","mx_missile":"n","immigration":"y","synfuels_corporation_cutback":"n","education_spending":"y","superfund_right_to_sue":"y","crime":"y","duty_free_exports":"n","export_administration_act_south_africa":"y\n"},
    {"classification":"democrat","handicapped_infants":"y","water_project_cost_sharing":"y","adoption_of_the_budget_resolution":"y","physician_fee_freeze":"n","el_salvador_aid":"n","religious_groups_in_schools":"n","anti_satellite_test_ban":"y","aid_to_nicaraguan_contras":"y","mx_missile":"y","immigration":"n","synfuels_corporation_cutback":"n","education_spending":"n","superfund_right_to_sue":"n","crime":"n","duty_free_exports":"n","export_administration_act_south_africa":"y\n"},
    {"classification":"republican","handicapped_infants":"y","water_project_cost_sharing":"y","adoption_of_the_budget_resolution":"n","physician_fee_freeze":"y","el_salvador_aid":"y","religious_groups_in_schools":"y","anti_satellite_test_ban":"n","aid_to_nicaraguan_contras":"n","mx_missile":"n","immigration":"y","synfuels_corporation_cutback":"n","education_spending":"n","superfund_right_to_sue":"y","crime":"y","duty_free_exports":"n","export_administration_act_south_africa":"y\n"},
    {"classification":"democrat","handicapped_infants":"y","water_project_cost_sharing":"y","adoption_of_the_budget_resolution":"y","physician_fee_freeze":"n","el_salvador_aid":"n","religious_groups_in_schools":"n","anti_satellite_test_ban":"y","aid_to_nicaraguan_contras":"y","mx_missile":"y","immigration":"y","synfuels_corporation_cutback":"y","education_spending":"n","superfund_right_to_sue":"y","crime":"n","duty_free_exports":"n","export_administration_act_south_africa":"y\n"},
    {"classification":"democrat","handicapped_infants":"y","water_project_cost_sharing":"y","adoption_of_the_budget_resolution":"y","physician_fee_freeze":"n","el_salvador_aid":"n","religious_groups_in_schools":"n","anti_satellite_test_ban":"y","aid_to_nicaraguan_contras":"y","mx_missile":"n","immigration":"y","synfuels_corporation_cutback":"n","education_spending":"n","superfund_right_to_sue":"n","crime":"n","duty_free_exports":"n","export_administration_act_south_africa":"y\n"},
    {"classification":"democrat","handicapped_infants":"y","water_project_cost_sharing":"y","adoption_of_the_budget_resolution":"y","physician_fee_freeze":"n","el_salvador_aid":"n","religious_groups_in_schools":"n","anti_satellite_test_ban":"y","aid_to_nicaraguan_contras":"y","mx_missile":"y","immigration":"n","synfuels_corporation_cutback":"n","education_spending":"n","superfund_right_to_sue":"n","crime":"n","duty_free_exports":"n","export_administration_act_south_africa":"y\n"},
    {"classification":"republican","handicapped_infants":"y","water_project_cost_sharing":"y","adoption_of_the_budget_resolution":"y","physician_fee_freeze":"y","el_salvador_aid":"y","religious_groups_in_schools":"y","anti_satellite_test_ban":"y","aid_to_nicaraguan_contras":"y","mx_missile":"n","immigration":"y","synfuels_corporation_cutback":"n","education_spending":"n","superfund_right_to_sue":"y","crime":"y","duty_free_exports":"n","export_administration_act_south_africa":"y\n"},
    {"classification":"democrat","handicapped_infants":"n","water_project_cost_sharing":"y","adoption_of_the_budget_resolution":"y","physician_fee_freeze":"n","el_salvador_aid":"y","religious_groups_in_schools":"y","anti_satellite_test_ban":"y","aid_to_nicaraguan_contras":"y","mx_missile":"n","immigration":"n","synfuels_corporation_cutback":"y","education_spending":"n","superfund_right_to_sue":"y","crime":"n","duty_free_exports":"y","export_administration_act_south_africa":"y\n"},
    {"classification":"democrat","handicapped_infants":"n","water_project_cost_sharing":"n","adoption_of_the_budget_resolution":"y","physician_fee_freeze":"n","el_salvador_aid":"n","religious_groups_in_schools":"y","anti_satellite_test_ban":"y","aid_to_nicaraguan_contras":"y","mx_missile":"y","immigration":"n","synfuels_corporation_cutback":"y","education_spending":"n","superfund_right_to_sue":"n","crime":"n","duty_free_exports":"y","export_administration_act_south_africa":"y\n"},
    {"classification":"democrat","handicapped_infants":"n","water_project_cost_sharing":"y","adoption_of_the_budget_resolution":"y","physician_fee_freeze":"n","el_salvador_aid":"n","religious_groups_in_schools":"y","anti_satellite_test_ban":"y","aid_to_nicaraguan_contras":"y","mx_missile":"y","immigration":"n","synfuels_corporation_cutback":"y","education_spending":"n","superfund_right_to_sue":"n","crime":"y","duty_free_exports":"y","export_administration_act_south_africa":"y\n"},
    {"classification":"democrat","handicapped_infants":"y","water_project_cost_sharing":"n","adoption_of_the_budget_resolution":"y","physician_fee_freeze":"n","el_salvador_aid":"n","religious_groups_in_schools":"n","anti_satellite_test_ban":"y","aid_to_nicaraguan_contras":"y","mx_missile":"y","immigration":"y","synfuels_corporation_cutback":"n","education_spending":"n","superfund_right_to_sue":"n","crime":"n","duty_free_exports":"y","export_administration_act_south_africa":"y\n"},
    {"classification":"republican","handicapped_infants":"n","water_project_cost_sharing":"n","adoption_of_the_budget_resolution":"n","physician_fee_freeze":"y","el_salvador_aid":"y","religious_groups_in_schools":"y","anti_satellite_test_ban":"y","aid_to_nicaraguan_contras":"y","mx_missile":"n","immigration":"y","synfuels_corporation_cutback":"n","education_spending":"y","superfund_right_to_sue":"y","crime":"y","duty_free_exports":"n","export_administration_act_south_africa":"y\n"},
    {"classification":"republican","handicapped_infants":"n","water_project_cost_sharing":"n","adoption_of_the_budget_resolution":"y","physician_fee_freeze":"y","el_salvador_aid":"y","religious_groups_in_schools":"y","anti_satellite_test_ban":"n","aid_to_nicaraguan_contras":"n","mx_missile":"y","immigration":"y","synfuels_corporation_cutback":"n","education_spending":"y","superfund_right_to_sue":"y","crime":"y","duty_free_exports":"n","export_administration_act_south_africa":"y\n"},
    {"classification":"democrat","handicapped_infants":"n","water_project_cost_sharing":"n","adoption_of_the_budget_resolution":"y","physician_fee_freeze":"n","el_salvador_aid":"n","religious_groups_in_schools":"n","anti_satellite_test_ban":"y","aid_to_nicaraguan_contras":"y","mx_missile":"y","immigration":"y","synfuels_corporation_cutback":"n","education_spending":"n","superfund_right_to_sue":"n","crime":"n","duty_free_exports":"n","export_administration_act_south_africa":"y"}
  ]
}